ID,Original Hook,Original Tone,Tone v2,Fit for Chị Hiền,Stage,Calendar Stage Match,Best Format,Hook Type,Risk,Adapt Direction,Chị Hiền Hook,Use Case,Note
H001,"Mình không bán [sản phẩm], mình bán phiên bản mới của bạn.",Insightful,Insightful,HOLD,Sau 30 bài / Sales phase,Sau 30 bài,Educational / Sau 30 bài,Sales / Offer hook,Quá marketing/sales sớm,Giữ lại dùng sau; bỏ yếu tố bán hàng + placeholder khi cần,Dùng sau 30 bài: cần adapt theo offer thật và voice chị Hiền.,Giai đoạn business/content/sales sau 30 bài,Chưa dùng trong 30 bài đầu. Sales hook hoặc placeholder offer.
H002,Bạn có chắc mình muốn sống như thế này thêm 1 năm?,Reflective,Reflective,PASS,30 bài đầu,D8-D14,Short FB / Reel 60s,Câu hỏi nội tâm,Hợp,Giữ nguyên hoặc làm mềm nhẹ,Bạn có chắc mình muốn sống như thế này thêm 1 năm?,"Tự soi, sống thật, lựa chọn cuộc đời","Có thể dùng gần nguyên, vẫn cần bám insight thật."
H003,Bạn đang làm việc hay đang né đối diện với chính mình?,Confrontational,Confrontational,ADAPT,30 bài đầu,D1-D7,Short FB / Reel 60s,Câu hỏi nội tâm,Hơi gắt,Làm mềm: đổi ngôi bạn → mình + đổi structure chất vấn → mời quan sát,Có khi bạn đang làm việc hay đang né đối diện với chính mình?,"Bình yên, kiệt sức, ranh giới cảm xúc",Á tốt nhưng cần làm mềm để không phán xét/coachy. Áp đầy đủ Rule #2 (đổi ngôi + structure).
H004,Cuộc đời bạn sẽ trông sao nếu dám sống đúng mong muốn?,Gentle,Gentle,PASS,30 bài đầu,D8-D14,Short FB / Reel 60s,Câu hỏi nội tâm,Hợp,Giữ nguyên hoặc làm mềm nhẹ,Cuộc đời bạn sẽ trông sao nếu dám sống đúng mong muốn?,"Tự soi, sống thật, lựa chọn cuộc đời","Có thể dùng gần nguyên, vẫn cần bám insight thật."
H005,"Bạn không lười, bạn chỉ chưa tin mình xứng đáng hơn.",Inspirational,Inspirational,PASS,30 bài đầu,D1-D7,Short FB / Reel 60s,Reflective insight,Hợp,Giữ nguyên hoặc làm mềm nhẹ,"Bạn không lười, bạn chỉ chưa tin mình xứng đáng hơn.","Bình yên, kiệt sức, ranh giới cảm xúc","Có thể dùng gần nguyên, vẫn cần bám insight thật."
H006,"Người ta không mua [sản phẩm], họ mua cảm giác trở thành [phiên bản].",Insightful,Insightful,HOLD,Sau 30 bài / Sales phase,Sau 30 bài,Educational / Sau 30 bài,Sales / Offer hook,Quá marketing/sales sớm,Giữ lại dùng sau; bỏ yếu tố bán hàng + placeholder khi cần,Dùng sau 30 bài: cần adapt theo offer thật và voice chị Hiền.,Giai đoạn business/content/sales sau 30 bài,Chưa dùng trong 30 bài đầu. Sales hook hoặc placeholder offer.
H007,"Nếu bạn tin mình đủ giỏi, bạn dám làm gì ngay hôm nay?",Reflective,Gentle,PASS,30 bài đầu,D8-D14,Short FB / Reel 60s,Câu hỏi nội tâm,Hợp,Giữ nguyên hoặc làm mềm nhẹ,"Nếu bạn tin mình đủ giỏi, bạn dám làm gì ngay hôm nay?","Tự soi, sống thật, lựa chọn cuộc đời","Có thể dùng gần nguyên, vẫn cần bám insight thật."
H008,Bạn đã bao lần nói 'để mai' với chính cuộc đời mình?,Confrontational,Confrontational,ADAPT,30 bài đầu,D8-D14,Short FB / Reel 60s,Câu hỏi nội tâm,Hơi gắt,Làm mềm: đổi ngôi bạn → mình + đổi structure chất vấn → mời quan sát,Có khi bạn đã bao lần nói 'để mai' với chính cuộc đời mình?,"Tự soi, sống thật, lựa chọn cuộc đời",Á tốt nhưng cần làm mềm để không phán xét/coachy. Áp đầy đủ Rule #2 (đổi ngôi + structure).
H009,Bạn đang bảo vệ vùng an toàn hay tương lai của mình?,Gentle,Gentle,PASS,30 bài đầu,D1-D7,Short FB / Reel 60s,Câu hỏi nội tâm,Hợp,Giữ nguyên hoặc làm mềm nhẹ,Bạn đang bảo vệ vùng an toàn hay tương lai của mình?,"Bình yên, kiệt sức, ranh giới cảm xúc","Có thể dùng gần nguyên, vẫn cần bám insight thật."
H010,Phiên bản bạn 5 năm nữa có tự hào về hôm nay?,Inspirational,Gentle,PASS,30 bài đầu,D8-D14,Short FB / Reel 60s,Câu hỏi nội tâm,Hợp,Giữ nguyên hoặc làm mềm nhẹ,Phiên bản bạn 5 năm nữa có tự hào về hôm nay?,"Giá trị bản thân, bản sắc, thay đổi","Có thể dùng gần nguyên, vẫn cần bám insight thật."
H011,Bạn muốn tiếp tục quen với nỗi đau này đến bao giờ?,Insightful,Confrontational,ADAPT,30 bài đầu,D1-D7,Short FB / Reel 60s,Câu hỏi nội tâm,Hơi gắt,Làm mềm: đổi ngôi bạn → mình + đổi structure chất vấn → mời quan sát,Có khi bạn muốn tiếp tục quen với nỗi đau này đến bao giờ?,"Bình yên, kiệt sức, ranh giới cảm xúc",Á tốt nhưng cần làm mềm để không phán xét/coachy. Áp đầy đủ Rule #2 (đổi ngôi + structure).
H012,"Thực ra bạn cần thay đổi, hay chỉ cần trung thực hơn?",Reflective,Reflective,PASS,30 bài đầu,D8-D14,Short FB / Reel 60s,Câu hỏi nội tâm,Hợp,Giữ nguyên hoặc làm mềm nhẹ,"Thực ra bạn cần thay đổi, hay chỉ cần trung thực hơn?","Tự soi, sống thật, lựa chọn cuộc đời","Có thể dùng gần nguyên, vẫn cần bám insight thật."
H013,Bạn đã bỏ quên mình bao lâu rồi mà chưa nhận ra?,Confrontational,Confrontational,ADAPT,30 bài đầu,D1-D7,Short FB / Reel 60s,Câu hỏi nội tâm,Hơi gắt,Làm mềm: đổi ngôi bạn → mình + đổi structure chất vấn → mời quan sát,Có khi bạn đã bỏ quên mình bao lâu rồi mà chưa nhận ra?,"Bình yên, kiệt sức, ranh giới cảm xúc",Á tốt nhưng cần làm mềm để không phán xét/coachy. Áp đầy đủ Rule #2 (đổi ngôi + structure).
H014,Bạn sống theo tiêu chuẩn của mình hay của người khác?,Gentle,Gentle,PASS,30 bài đầu,D8-D14,Short FB / Reel 60s,Câu hỏi nội tâm,Hợp,Giữ nguyên hoặc làm mềm nhẹ,Bạn sống theo tiêu chuẩn của mình hay của người khác?,"Tự soi, sống thật, lựa chọn cuộc đời","Có thể dùng gần nguyên, vẫn cần bám insight thật."
H015,"Bạn có thật sự ổn, hay chỉ quen với việc chịu đựng?",Inspirational,Inspirational,PASS,30 bài đầu,D1-D7,Short FB / Reel 60s,Câu hỏi nội tâm,Hợp,Giữ nguyên hoặc làm mềm nhẹ,"Bạn có thật sự ổn, hay chỉ quen với việc chịu đựng?","Bình yên, kiệt sức, ranh giới cảm xúc","Có thể dùng gần nguyên, vẫn cần bám insight thật."
H016,Bạn đang chọn an toàn hay chọn trung thực với trái tim?,Insightful,Insightful,PASS,30 bài đầu,D8-D14,Short FB / Reel 60s,Câu hỏi nội tâm,Hợp,Giữ nguyên hoặc làm mềm nhẹ,Bạn đang chọn an toàn hay chọn trung thực với trái tim?,"Tự soi, sống thật, lựa chọn cuộc đời","Có thể dùng gần nguyên, vẫn cần bám insight thật."
H017,"Mỗi lần bạn thoả hiệp, bạn đang dạy người khác cách đối xử với mình.",Reflective,Reflective,PASS,30 bài đầu,D1-D7,Short FB / Reel 60s,Reflective insight,Hợp,Giữ nguyên hoặc làm mềm nhẹ,"Mỗi lần bạn thoả hiệp, bạn đang dạy người khác cách đối xử với mình.","Bình yên, kiệt sức, ranh giới cảm xúc","Có thể dùng gần nguyên, vẫn cần bám insight thật."
H018,"Nếu hôm nay là ngày cuối cùng sống kiểu này, bạn làm gì khác?",Confrontational,Gentle,PASS,30 bài đầu,D8-D14,Short FB / Reel 60s,Câu hỏi nội tâm,Hợp,Giữ nguyên hoặc làm mềm nhẹ,"Nếu hôm nay là ngày cuối cùng sống kiểu này, bạn làm gì khác?","Tự soi, sống thật, lựa chọn cuộc đời","Có thể dùng gần nguyên, vẫn cần bám insight thật."
H019,Bạn có đang sống nhỏ hơn tiềm năng thật của bản thân?,Gentle,Gentle,PASS,30 bài đầu,D8-D14,Short FB / Reel 60s,Câu hỏi nội tâm,Hợp,Giữ nguyên hoặc làm mềm nhẹ,Bạn có đang sống nhỏ hơn tiềm năng thật của bản thân?,"Tự soi, sống thật, lựa chọn cuộc đời","Có thể dùng gần nguyên, vẫn cần bám insight thật."
H020,Bạn còn chấp nhận [nỗi đau / thói quen] này thêm bao lâu nữa?,Inspirational,Inspirational,PASS,30 bài đầu,D8-D14,Short FB / Reel 60s,Câu hỏi nội tâm,Hợp,Giữ nguyên hoặc làm mềm nhẹ,Bạn còn chấp nhận [nỗi đau / thói quen] này thêm bao lâu nữa?,"Tự soi, sống thật, lựa chọn cuộc đời","Có thể dùng gần nguyên, vẫn cần bám insight thật."
H021,Thứ bạn gọi là 'tính cách' có khi chỉ là thói quen cũ.,Insightful,Insightful,PASS,30 bài đầu,D8-D14,Short FB / Reel 60s,Reflective insight,Hợp,Giữ nguyên hoặc làm mềm nhẹ,Thứ bạn gọi là 'tính cách' có khi chỉ là thói quen cũ.,"Tự soi, sống thật, lựa chọn cuộc đời","Có thể dùng gần nguyên, vẫn cần bám insight thật."
H022,"Không phải bạn thiếu thời gian, bạn thiếu một lý do đủ lớn.",Reflective,Reflective,PASS,30 bài đầu,D8-D14,Short FB / Reel 60s,Reflective insight,Hợp,Giữ nguyên hoặc làm mềm nhẹ,"Không phải bạn thiếu thời gian, bạn thiếu một lý do đủ lớn.","Tự soi, sống thật, lựa chọn cuộc đời","Có thể dùng gần nguyên, vẫn cần bám insight thật."
H023,"Bao nhiêu quyết định của bạn xuất phát từ nỗi sợ, không phải mong muốn?",Confrontational,Confrontational,ADAPT,30 bài đầu,D8-D14,Short FB / Reel 60s,Câu hỏi nội tâm,Hơi gắt,Làm mềm: đổi ngôi bạn → mình + đổi structure chất vấn → mời quan sát,"Bao nhiêu quyết định của bạn xuất phát từ nỗi sợ, không phải mong muốn?","Tự soi, sống thật, lựa chọn cuộc đời",Á tốt nhưng cần làm mềm để không phán xét/coachy. Áp đầy đủ Rule #2 (đổi ngôi + structure).
H024,Phiên bản bình an hơn của bạn sẽ chọn điều gì hôm nay?,Gentle,Gentle,PASS,30 bài đầu,D8-D14,Short FB / Reel 60s,Câu hỏi nội tâm,Hợp,Giữ nguyên hoặc làm mềm nhẹ,Phiên bản bình an hơn của bạn sẽ chọn điều gì hôm nay?,"Giá trị bản thân, bản sắc, thay đổi","Có thể dùng gần nguyên, vẫn cần bám insight thật."
H025,Bạn có đang dùng 'bận' để trốn việc nhìn lại chính mình?,Inspirational,Inspirational,PASS,30 bài đầu,D1-D7,Short FB / Reel 60s,Câu hỏi nội tâm,Hợp,Giữ nguyên hoặc làm mềm nhẹ,Bạn có đang dùng 'bận' để trốn việc nhìn lại chính mình?,"Bình yên, kiệt sức, ranh giới cảm xúc","Có thể dùng gần nguyên, vẫn cần bám insight thật."
H026,"Bạn không mắc kẹt, bạn chỉ chưa dám nói 'đủ rồi'.",Insightful,Insightful,PASS,30 bài đầu,D8-D14,Short FB / Reel 60s,Reflective insight,Hợp,Giữ nguyên hoặc làm mềm nhẹ,"Bạn không mắc kẹt, bạn chỉ chưa dám nói 'đủ rồi'.","Tự soi, sống thật, lựa chọn cuộc đời","Có thể dùng gần nguyên, vẫn cần bám insight thật."
H027,"Bạn đang xây cuộc đời mình, hay đang vá lại cuộc đời người khác?",Reflective,Reflective,PASS,30 bài đầu,D8-D14,Short FB / Reel 60s,Câu hỏi nội tâm,Hợp,Giữ nguyên hoặc làm mềm nhẹ,"Bạn đang xây cuộc đời mình, hay đang vá lại cuộc đời người khác?","Tự soi, sống thật, lựa chọn cuộc đời","Có thể dùng gần nguyên, vẫn cần bám insight thật."
H028,Khi nào bạn mới dừng xin phép được sống đúng với mình?,Confrontational,Confrontational,ADAPT,30 bài đầu,D8-D14,Short FB / Reel 60s,Câu hỏi nội tâm,Hơi gắt,Làm mềm: đổi ngôi bạn → mình + đổi structure chất vấn → mời quan sát,Khi nào bạn mới dừng xin phép được sống đúng với mình?,"Tự soi, sống thật, lựa chọn cuộc đời",Á tốt nhưng cần làm mềm để không phán xét/coachy. Áp đầy đủ Rule #2 (đổi ngôi + structure).
H029,Bạn muốn sống 'an toàn' hay sống 'thật sự'?,Gentle,Gentle,PASS,30 bài đầu,D8-D14,Short FB / Reel 60s,Câu hỏi nội tâm,Hợp,Giữ nguyên hoặc làm mềm nhẹ,Bạn muốn sống 'an toàn' hay sống 'thật sự'?,"Tự soi, sống thật, lựa chọn cuộc đời","Có thể dùng gần nguyên, vẫn cần bám insight thật."
H030,"Nếu không đổi hướng, bạn đang đi tới đâu?",Inspirational,Gentle,PASS,30 bài đầu,D8-D14,Short FB / Reel 60s,Câu hỏi nội tâm,Hợp,Giữ nguyên hoặc làm mềm nhẹ,"Nếu không đổi hướng, bạn đang đi tới đâu?","Tự soi, sống thật, lựa chọn cuộc đời","Có thể dùng gần nguyên, vẫn cần bám insight thật."
H031,Bạn có đang sống theo kỳ vọng của người khác hơn là của mình?,Insightful,Insightful,PASS,30 bài đầu,D8-D14,Short FB / Reel 60s,Câu hỏi nội tâm,Hợp,Giữ nguyên hoặc làm mềm nhẹ,Bạn có đang sống theo kỳ vọng của người khác hơn là của mình?,"Tự soi, sống thật, lựa chọn cuộc đời","Có thể dùng gần nguyên, vẫn cần bám insight thật."
H032,Bao lâu rồi bạn chưa làm điều gì chỉ vì chính bạn?,Reflective,Reflective,PASS,30 bài đầu,D8-D14,Short FB / Reel 60s,Câu hỏi nội tâm,Hợp,Giữ nguyên hoặc làm mềm nhẹ,Bao lâu rồi bạn chưa làm điều gì chỉ vì chính bạn?,"Tự soi, sống thật, lựa chọn cuộc đời","Có thể dùng gần nguyên, vẫn cần bám insight thật."
H033,Bạn đang dùng tiền để bù cho khoảng trống nào bên trong?,Confrontational,Confrontational,ADAPT,30 bài đầu,D22-D30,Short FB / Reel 60s,Câu hỏi nội tâm,Hơi gắt,Làm mềm: đổi ngôi bạn → mình + đổi structure chất vấn → mời quan sát,Có khi bạn đang dùng tiền để bù cho khoảng trống nào bên trong?,"Công việc, tự do, kỷ luật, nhịp sống",Á tốt nhưng cần làm mềm để không phán xét/coachy. Áp đầy đủ Rule #2 (đổi ngôi + structure).
H034,Điều làm bạn mất ngủ nhiều hơn: nợ tiền hay nợ chính mình?,Gentle,Gentle,PASS,30 bài đầu,D22-D30,Short FB / Reel 60s,Câu hỏi nội tâm,Hợp,Giữ nguyên hoặc làm mềm nhẹ,Điều làm bạn mất ngủ nhiều hơn: nợ tiền hay nợ chính mình?,"Công việc, tự do, kỷ luật, nhịp sống","Có thể dùng gần nguyên, vẫn cần bám insight thật."
H035,"Bạn có thật sự nghèo, hay chỉ đang nghĩ mình 'chỉ là…'?",Inspirational,Inspirational,PASS,30 bài đầu,D22-D30,Short FB / Reel 60s,Câu hỏi nội tâm,Hợp,Giữ nguyên hoặc làm mềm nhẹ,"Bạn có thật sự nghèo, hay chỉ đang nghĩ mình 'chỉ là…'?","Công việc, tự do, kỷ luật, nhịp sống","Có thể dùng gần nguyên, vẫn cần bám insight thật."
H036,Thu nhập của bạn hiếm khi vượt quá hình ảnh bạn thấy về bản thân.,Insightful,Insightful,PASS,30 bài đầu,D22-D30,Short FB / Reel 60s,Reflective insight,Hợp,Giữ nguyên hoặc làm mềm nhẹ,Thu nhập của bạn hiếm khi vượt quá hình ảnh bạn thấy về bản thân.,"Công việc, tự do, kỷ luật, nhịp sống","Có thể dùng gần nguyên, vẫn cần bám insight thật."
H037,"Bạn đang làm việc vì tiền, hay dùng tiền để phục vụ cuộc đời mình?",Reflective,Reflective,PASS,30 bài đầu,D22-D30,Short FB / Reel 60s,Câu hỏi nội tâm,Hợp,Giữ nguyên hoặc làm mềm nhẹ,"Bạn đang làm việc vì tiền, hay dùng tiền để phục vụ cuộc đời mình?","Công việc, tự do, kỷ luật, nhịp sống","Có thể dùng gần nguyên, vẫn cần bám insight thật."
H038,"Bạn không sai khi muốn nhiều tiền hơn, sai là nghĩ mình không xứng.",Confrontational,Confrontational,ADAPT,30 bài đầu,D22-D30,Short FB / Reel 60s,Reflective insight,Hơi gắt,Làm mềm: đổi ngôi bạn → mình + đổi structure chất vấn → mời quan sát,"Có khi bạn không sai khi muốn nhiều tiền hơn, sai là nghĩ mình không xứng.","Công việc, tự do, kỷ luật, nhịp sống",Á tốt nhưng cần làm mềm để không phán xét/coachy. Áp đầy đủ Rule #2 (đổi ngôi + structure).
H039,"Nếu công việc không nuôi nổi giấc mơ, đã đến lúc nâng cấp cả hai.",Gentle,Gentle,PASS,30 bài đầu,D22-D30,Short FB / Reel 60s,Reflective insight,Hợp,Giữ nguyên hoặc làm mềm nhẹ,"Nếu công việc không nuôi nổi giấc mơ, đã đến lúc nâng cấp cả hai.","Công việc, tự do, kỷ luật, nhịp sống","Có thể dùng gần nguyên, vẫn cần bám insight thật."
H040,Bạn đang xây tài sản hay chỉ trả nợ cho những niềm tin cũ?,Inspirational,Inspirational,PASS,30 bài đầu,D22-D30,Short FB / Reel 60s,Câu hỏi nội tâm,Hợp,Giữ nguyên hoặc làm mềm nhẹ,Bạn đang xây tài sản hay chỉ trả nợ cho những niềm tin cũ?,"Công việc, tự do, kỷ luật, nhịp sống","Có thể dùng gần nguyên, vẫn cần bám insight thật."
H041,Tự do của bạn đáng giá bao nhiêu giờ 'hy sinh' mỗi ngày?,Insightful,Confrontational,ADAPT,30 bài đầu,D22-D30,Short FB / Reel 60s,Câu hỏi nội tâm,Hơi gắt,Làm mềm: đổi ngôi bạn → mình + đổi structure chất vấn → mời quan sát,Tự do của bạn đáng giá bao nhiêu giờ 'hy sinh' mỗi ngày?,"Công việc, tự do, kỷ luật, nhịp sống",Á tốt nhưng cần làm mềm để không phán xét/coachy. Áp đầy đủ Rule #2 (đổi ngôi + structure).
H042,Tiền bạn kiếm ra đang mua điều gì: tự do hay mệt mỏi?,Reflective,Reflective,PASS,30 bài đầu,D22-D30,Short FB / Reel 60s,Câu hỏi nội tâm,Hợp,Giữ nguyên hoặc làm mềm nhẹ,Tiền bạn kiếm ra đang mua điều gì: tự do hay mệt mỏi?,"Công việc, tự do, kỷ luật, nhịp sống","Có thể dùng gần nguyên, vẫn cần bám insight thật."
H043,Bạn có đang đợi cả tuổi trẻ chỉ để đợi lương về?,Confrontational,Confrontational,ADAPT,30 bài đầu,D22-D30,Short FB / Reel 60s,Câu hỏi nội tâm,Hơi gắt,Làm mềm: đổi ngôi bạn → mình + đổi structure chất vấn → mời quan sát,Có khi bạn có đang đợi cả tuổi trẻ chỉ để đợi lương về?,"Công việc, tự do, kỷ luật, nhịp sống",Á tốt nhưng cần làm mềm để không phán xét/coachy. Áp đầy đủ Rule #2 (đổi ngôi + structure).
H044,Bạn có đang dùng sự nghiệp để trốn việc chữa lành bên trong?,Gentle,Gentle,PASS,30 bài đầu,D22-D30,Short FB / Reel 60s,Câu hỏi nội tâm,Hợp,Giữ nguyên hoặc làm mềm nhẹ,Bạn có đang dùng sự nghiệp để trốn việc chữa lành bên trong?,"Công việc, tự do, kỷ luật, nhịp sống","Có thể dùng gần nguyên, vẫn cần bám insight thật."
H045,Thu nhập đổi khi bạn ngừng giới thiệu mình bằng 'em chỉ là…'.,Inspirational,Inspirational,PASS,30 bài đầu,D22-D30,Short FB / Reel 60s,Reflective insight,Hợp,Giữ nguyên hoặc làm mềm nhẹ,Thu nhập đổi khi bạn ngừng giới thiệu mình bằng 'em chỉ là…'.,"Công việc, tự do, kỷ luật, nhịp sống","Có thể dùng gần nguyên, vẫn cần bám insight thật."
H046,"Bạn muốn kiếm thêm, hay muốn kiếm đúng với giá trị của mình?",Insightful,Insightful,PASS,30 bài đầu,D22-D30,Short FB / Reel 60s,Câu hỏi nội tâm,Hợp,Giữ nguyên hoặc làm mềm nhẹ,"Bạn muốn kiếm thêm, hay muốn kiếm đúng với giá trị của mình?","Công việc, tự do, kỷ luật, nhịp sống","Có thể dùng gần nguyên, vẫn cần bám insight thật."
H047,Tham vọng của bạn là của bạn hay được 'cài' bởi ai đó?,Reflective,Reflective,PASS,30 bài đầu,D22-D30,Short FB / Reel 60s,Câu hỏi nội tâm,Hợp,Giữ nguyên hoặc làm mềm nhẹ,Tham vọng của bạn là của bạn hay được 'cài' bởi ai đó?,"Công việc, tự do, kỷ luật, nhịp sống","Có thể dùng gần nguyên, vẫn cần bám insight thật."
H048,Tự do tài chính bắt đầu từ tự do trong suy nghĩ về bản thân.,Insightful,Insightful,PASS,30 bài đầu,D22-D30,Short FB / Reel 60s,Reflective insight,Hợp,Giữ nguyên hoặc làm mềm nhẹ,Tự do tài chính bắt đầu từ tự do trong suy nghĩ về bản thân.,"Công việc, tự do, kỷ luật, nhịp sống","Có thể dùng gần nguyên, vẫn cần bám insight thật."
H049,Bạn có dám đòi hỏi nhiều hơn từ cuộc đời này không?,Gentle,Confrontational,ADAPT,30 bài đầu,D8-D14,Short FB / Reel 60s,Câu hỏi nội tâm,Hơi gắt,Làm mềm: đổi ngôi bạn → mình + đổi structure chất vấn → mời quan sát,Có khi bạn có dám đòi hỏi nhiều hơn từ cuộc đời này không?,"Tự soi, sống thật, lựa chọn cuộc đời",Á tốt nhưng cần làm mềm để không phán xét/coachy. Áp đầy đủ Rule #2 (đổi ngôi + structure).
H050,"Nếu không giới hạn, bạn muốn sống cuộc đời tài chính như thế nào?",Inspirational,Gentle,PASS,30 bài đầu,D22-D30,Short FB / Reel 60s,Câu hỏi nội tâm,Hợp,Giữ nguyên hoặc làm mềm nhẹ,"Nếu không giới hạn, bạn muốn sống cuộc đời tài chính như thế nào?","Công việc, tự do, kỷ luật, nhịp sống","Có thể dùng gần nguyên, vẫn cần bám insight thật."
H051,"Bạn không khó yêu, bạn chỉ đang ở sai chỗ và sai người.",Insightful,Insightful,PASS,30 bài đầu,D8-D14,Short FB / Reel 60s,Reflective insight,Hợp,Giữ nguyên hoặc làm mềm nhẹ,"Bạn không khó yêu, bạn chỉ đang ở sai chỗ và sai người.","Tự soi, sống thật, lựa chọn cuộc đời","Có thể dùng gần nguyên, vẫn cần bám insight thật."
H052,Bạn có đang tự thu nhỏ mình cho vừa với nỗi sợ của người khác?,Reflective,Reflective,PASS,30 bài đầu,D8-D14,Short FB / Reel 60s,Câu hỏi nội tâm,Hợp,Giữ nguyên hoặc làm mềm nhẹ,Bạn có đang tự thu nhỏ mình cho vừa với nỗi sợ của người khác?,"Tự soi, sống thật, lựa chọn cuộc đời","Có thể dùng gần nguyên, vẫn cần bám insight thật."
H053,Ranh giới của bạn đang bảo vệ ai: bạn hay người khác?,Confrontational,Confrontational,ADAPT,30 bài đầu,D1-D7,Short FB / Reel 60s,Câu hỏi nội tâm,Hơi gắt,Làm mềm: đổi ngôi bạn → mình + đổi structure chất vấn → mời quan sát,Ranh giới của bạn đang bảo vệ ai: bạn hay người khác?,"Bình yên, kiệt sức, ranh giới cảm xúc",Á tốt nhưng cần làm mềm để không phán xét/coachy. Áp đầy đủ Rule #2 (đổi ngôi + structure).
H054,Bạn đối xử với mình ra sao khi không có ai nhìn thấy?,Gentle,Gentle,PASS,30 bài đầu,D8-D14,Short FB / Reel 60s,Câu hỏi nội tâm,Hợp,Giữ nguyên hoặc làm mềm nhẹ,Bạn đối xử với mình ra sao khi không có ai nhìn thấy?,"Tự soi, sống thật, lựa chọn cuộc đời","Có thể dùng gần nguyên, vẫn cần bám insight thật."
H055,Bạn có đang gọi 'lo lắng' là 'tình yêu'?,Inspirational,Inspirational,PASS,30 bài đầu,D8-D14,Short FB / Reel 60s,Câu hỏi nội tâm,Hợp,Giữ nguyên hoặc làm mềm nhẹ,Bạn có đang gọi 'lo lắng' là 'tình yêu'?,"Tự soi, sống thật, lựa chọn cuộc đời","Có thể dùng gần nguyên, vẫn cần bám insight thật."
H056,"Nếu phải đổi bình yên để giữ một người, đó có đáng không?",Insightful,Gentle,PASS,30 bài đầu,D1-D7,Short FB / Reel 60s,Câu hỏi nội tâm,Hợp,Giữ nguyên hoặc làm mềm nhẹ,"Nếu phải đổi bình yên để giữ một người, đó có đáng không?","Bình yên, kiệt sức, ranh giới cảm xúc","Có thể dùng gần nguyên, vẫn cần bám insight thật."
H057,Bao nhiêu lần bạn nói 'không sao đâu' trong khi rất không ổn?,Reflective,Reflective,PASS,30 bài đầu,D1-D7,Short FB / Reel 60s,Câu hỏi nội tâm,Hợp,Giữ nguyên hoặc làm mềm nhẹ,Bao nhiêu lần bạn nói 'không sao đâu' trong khi rất không ổn?,"Bình yên, kiệt sức, ranh giới cảm xúc","Có thể dùng gần nguyên, vẫn cần bám insight thật."
H058,Bạn có đang nhầm lẫn quen thuộc với an toàn?,Confrontational,Confrontational,ADAPT,30 bài đầu,D8-D14,Short FB / Reel 60s,Câu hỏi nội tâm,Hơi gắt,Làm mềm: đổi ngôi bạn → mình + đổi structure chất vấn → mời quan sát,Có khi bạn có đang nhầm lẫn quen thuộc với an toàn?,"Tự soi, sống thật, lựa chọn cuộc đời",Á tốt nhưng cần làm mềm để không phán xét/coachy. Áp đầy đủ Rule #2 (đổi ngôi + structure).
H059,Mối quan hệ này đang giúp bạn lớn lên hay thu nhỏ lại?,Gentle,Gentle,PASS,30 bài đầu,D8-D14,Short FB / Reel 60s,Câu hỏi nội tâm,Hợp,Giữ nguyên hoặc làm mềm nhẹ,Mối quan hệ này đang giúp bạn lớn lên hay thu nhỏ lại?,"Ranh giới, quan hệ, năng lượng xung quanh","Có thể dùng gần nguyên, vẫn cần bám insight thật."
H060,"Người cần bạn nhất bây giờ là chính bạn, không phải ai khác.",Inspirational,Inspirational,PASS,30 bài đầu,D8-D14,Short FB / Reel 60s,Reflective insight,Hợp,Giữ nguyên hoặc làm mềm nhẹ,"Người cần bạn nhất bây giờ là chính bạn, không phải ai khác.","Tự soi, sống thật, lựa chọn cuộc đời","Có thể dùng gần nguyên, vẫn cần bám insight thật."
H061,"Bạn không drama, bạn chỉ đang chạm vào vết thương cũ.",Insightful,Insightful,PASS,30 bài đầu,D1-D7,Short FB / Reel 60s,Reflective insight,Hợp,Giữ nguyên hoặc làm mềm nhẹ,"Bạn không drama, bạn chỉ đang chạm vào vết thương cũ.","Chữa lành, quá khứ, tự tha thứ","Có thể dùng gần nguyên, vẫn cần bám insight thật."
H062,"Bạn không ích kỷ khi chọn mình, bạn chỉ thôi phản bội bản thân.",Reflective,Reflective,PASS,30 bài đầu,D8-D14,Short FB / Reel 60s,Reflective insight,Hợp,Giữ nguyên hoặc làm mềm nhẹ,"Bạn không ích kỷ khi chọn mình, bạn chỉ thôi phản bội bản thân.","Tự soi, sống thật, lựa chọn cuộc đời","Có thể dùng gần nguyên, vẫn cần bám insight thật."
H063,"Bạn có đang làm bạn với chính mình, hay chỉ là người phán xét?",Confrontational,Confrontational,ADAPT,30 bài đầu,D8-D14,Short FB / Reel 60s,Câu hỏi nội tâm,Hơi gắt,Làm mềm: đổi ngôi bạn → mình + đổi structure chất vấn → mời quan sát,"Có khi bạn có đang làm bạn với chính mình, hay chỉ là người phán xét?","Tự soi, sống thật, lựa chọn cuộc đời",Á tốt nhưng cần làm mềm để không phán xét/coachy. Áp đầy đủ Rule #2 (đổi ngôi + structure).
H064,Bạn đã bao giờ thử tự nói 'mình xứng đáng hơn thế này' chưa?,Gentle,Gentle,PASS,30 bài đầu,D8-D14,Short FB / Reel 60s,Câu hỏi nội tâm,Hợp,Giữ nguyên hoặc làm mềm nhẹ,Bạn đã bao giờ thử tự nói 'mình xứng đáng hơn thế này' chưa?,"Tự soi, sống thật, lựa chọn cuộc đời","Có thể dùng gần nguyên, vẫn cần bám insight thật."
H065,"Tự yêu mình không phải là skincare, là cách bạn đối thoại với bản thân.",Inspirational,Inspirational,PASS,30 bài đầu,D8-D14,Short FB / Reel 60s,Reflective insight,Hợp,Giữ nguyên hoặc làm mềm nhẹ,"Tự yêu mình không phải là skincare, là cách bạn đối thoại với bản thân.","Giá trị bản thân, bản sắc, thay đổi","Có thể dùng gần nguyên, vẫn cần bám insight thật."
H066,"Bạn có đang đòi hỏi sự tôn trọng từ ngoài, khi chính bạn còn không tôn trọng mình?",Insightful,Confrontational,ADAPT,30 bài đầu,D8-D14,Short FB / Reel 60s,Câu hỏi nội tâm,Hơi gắt,Làm mềm: đổi ngôi bạn → mình + đổi structure chất vấn → mời quan sát,"Có khi bạn có đang đòi hỏi sự tôn trọng từ ngoài, khi chính bạn còn không tôn trọng mình?","Ranh giới, quan hệ, năng lượng xung quanh",Á tốt nhưng cần làm mềm để không phán xét/coachy. Áp đầy đủ Rule #2 (đổi ngôi + structure).
H067,"Ngày bạn ngừng xin phép được tồn tại, là ngày cuộc đời bắt đầu khác.",Reflective,Reflective,PASS,30 bài đầu,D8-D14,Short FB / Reel 60s,Reflective insight,Hợp,Giữ nguyên hoặc làm mềm nhẹ,"Ngày bạn ngừng xin phép được tồn tại, là ngày cuộc đời bắt đầu khác.","Tự soi, sống thật, lựa chọn cuộc đời","Có thể dùng gần nguyên, vẫn cần bám insight thật."
H068,Bạn yêu bản thân bằng cách nào ngoài việc 'cố gắng hơn nữa'?,Confrontational,Confrontational,ADAPT,30 bài đầu,D1-D7,Short FB / Reel 60s,Câu hỏi nội tâm,Hơi gắt,Làm mềm: đổi ngôi bạn → mình + đổi structure chất vấn → mời quan sát,Có khi bạn yêu bản thân bằng cách nào ngoài việc 'cố gắng hơn nữa'?,"Bình yên, kiệt sức, ranh giới cảm xúc",Á tốt nhưng cần làm mềm để không phán xét/coachy. Áp đầy đủ Rule #2 (đổi ngôi + structure).
H069,Bạn có đang đối xử với mình như cách bạn mong người khác đối xử với bạn?,Gentle,Gentle,PASS,30 bài đầu,D8-D14,Short FB / Reel 60s,Câu hỏi nội tâm,Hợp,Giữ nguyên hoặc làm mềm nhẹ,Bạn có đang đối xử với mình như cách bạn mong người khác đối xử với bạn?,"Tự soi, sống thật, lựa chọn cuộc đời","Có thể dùng gần nguyên, vẫn cần bám insight thật."
H070,"Nếu con bạn sống như cách bạn đang sống, bạn có thấy ổn không?",Inspirational,Gentle,PASS,30 bài đầu,D15-D21,Short FB / Reel 60s,Câu hỏi nội tâm,Hợp,Giữ nguyên hoặc làm mềm nhẹ,"Nếu con bạn sống như cách bạn đang sống, bạn có thấy ổn không?","Gia đình, khuôn mẫu cũ, vai trò phụ nữ","Có thể dùng gần nguyên, vẫn cần bám insight thật."
H071,"Bạn đang dạy con mình cách sống, hay cách tiếp tục chịu đựng?",Insightful,Insightful,PASS,30 bài đầu,D1-D7,Short FB / Reel 60s,Câu hỏi nội tâm,Hợp,Giữ nguyên hoặc làm mềm nhẹ,"Bạn đang dạy con mình cách sống, hay cách tiếp tục chịu đựng?","Bình yên, kiệt sức, ranh giới cảm xúc","Có thể dùng gần nguyên, vẫn cần bám insight thật."
H072,Bạn có đang lặp lại đúng mô thức của bố mẹ mà bạn từng sợ?,Reflective,Reflective,PASS,30 bài đầu,D15-D21,Short FB / Reel 60s,Câu hỏi nội tâm,Hợp,Giữ nguyên hoặc làm mềm nhẹ,Bạn có đang lặp lại đúng mô thức của bố mẹ mà bạn từng sợ?,"Gia đình, khuôn mẫu cũ, vai trò phụ nữ","Có thể dùng gần nguyên, vẫn cần bám insight thật."
H073,Bạn muốn truyền cho thế hệ sau nỗi sợ hay sự can đảm?,Confrontational,Confrontational,ADAPT,30 bài đầu,D15-D21,Short FB / Reel 60s,Câu hỏi nội tâm,Hơi gắt,Làm mềm: đổi ngôi bạn → mình + đổi structure chất vấn → mời quan sát,Có khi bạn muốn truyền cho thế hệ sau nỗi sợ hay sự can đảm?,"Gia đình, khuôn mẫu cũ, vai trò phụ nữ",Á tốt nhưng cần làm mềm để không phán xét/coachy. Áp đầy đủ Rule #2 (đổi ngôi + structure).
H074,"Có điều gì bạn hứa với bản thân nhỏ là không bao giờ lặp lại, nhưng vẫn làm?",Gentle,Gentle,PASS,30 bài đầu,D8-D14,Short FB / Reel 60s,Câu hỏi nội tâm,Hợp,Giữ nguyên hoặc làm mềm nhẹ,"Có điều gì bạn hứa với bản thân nhỏ là không bao giờ lặp lại, nhưng vẫn làm?","Tự soi, sống thật, lựa chọn cuộc đời","Có thể dùng gần nguyên, vẫn cần bám insight thật."
H075,Bạn có đang sống cuộc đời mà ngày xưa bạn từng nói 'sau này mình sẽ không vậy'?,Inspirational,Inspirational,PASS,30 bài đầu,D8-D14,Short FB / Reel 60s,Câu hỏi nội tâm,Hợp,Giữ nguyên hoặc làm mềm nhẹ,Bạn có đang sống cuộc đời mà ngày xưa bạn từng nói 'sau này mình sẽ không vậy'?,"Tự soi, sống thật, lựa chọn cuộc đời","Có thể dùng gần nguyên, vẫn cần bám insight thật."
H076,Câu chuyện gia đình bạn tin vào có còn đúng với bạn hôm nay?,Insightful,Insightful,PASS,30 bài đầu,D15-D21,Short FB / Reel 60s,Câu hỏi nội tâm,Hợp,Giữ nguyên hoặc làm mềm nhẹ,Câu chuyện gia đình bạn tin vào có còn đúng với bạn hôm nay?,"Gia đình, khuôn mẫu cũ, vai trò phụ nữ","Có thể dùng gần nguyên, vẫn cần bám insight thật."
H077,Bạn đang chữa lành hay chỉ đang lấp đi cho đỡ đau?,Reflective,Reflective,PASS,30 bài đầu,D1-D7,Short FB / Reel 60s,Câu hỏi nội tâm,Hợp,Giữ nguyên hoặc làm mềm nhẹ,Bạn đang chữa lành hay chỉ đang lấp đi cho đỡ đau?,"Chữa lành, quá khứ, tự tha thứ","Có thể dùng gần nguyên, vẫn cần bám insight thật."
H078,Bạn có đang đặt con mình lên trước nhưng đặt bản thân xuống cuối cùng?,Confrontational,Confrontational,ADAPT,30 bài đầu,D8-D14,Short FB / Reel 60s,Câu hỏi nội tâm,Hơi gắt,Làm mềm: đổi ngôi bạn → mình + đổi structure chất vấn → mời quan sát,Có khi bạn có đang đặt con mình lên trước nhưng đặt bản thân xuống cuối cùng?,"Tự soi, sống thật, lựa chọn cuộc đời",Á tốt nhưng cần làm mềm để không phán xét/coachy. Áp đầy đủ Rule #2 (đổi ngôi + structure).
H079,Bạn muốn con tin vào điều gì khi nhìn vào cuộc đời bạn?,Gentle,Gentle,PASS,30 bài đầu,D8-D14,Short FB / Reel 60s,Câu hỏi nội tâm,Hợp,Giữ nguyên hoặc làm mềm nhẹ,Bạn muốn con tin vào điều gì khi nhìn vào cuộc đời bạn?,"Tự soi, sống thật, lựa chọn cuộc đời","Có thể dùng gần nguyên, vẫn cần bám insight thật."
H080,"Nếu con bạn bắt chước cách bạn yêu chính mình, bạn thấy sao?",Inspirational,Gentle,PASS,30 bài đầu,D15-D21,Short FB / Reel 60s,Câu hỏi nội tâm,Hợp,Giữ nguyên hoặc làm mềm nhẹ,"Nếu con bạn bắt chước cách bạn yêu chính mình, bạn thấy sao?","Gia đình, khuôn mẫu cũ, vai trò phụ nữ","Có thể dùng gần nguyên, vẫn cần bám insight thật."
H081,"Bạn không lười, bạn đang kiệt sức vì cố gắng làm người khác hài lòng.",Insightful,Insightful,PASS,30 bài đầu,D1-D7,Short FB / Reel 60s,Reflective insight,Hợp,Giữ nguyên hoặc làm mềm nhẹ,"Bạn không lười, bạn đang kiệt sức vì cố gắng làm người khác hài lòng.","Bình yên, kiệt sức, ranh giới cảm xúc","Có thể dùng gần nguyên, vẫn cần bám insight thật."
H082,Bạn có đang dùng 'hoàn hảo' như cái cớ để chẳng bao giờ bắt đầu?,Reflective,Reflective,PASS,30 bài đầu,D1-D7,Short FB / Reel 60s,Câu hỏi nội tâm,Hợp,Giữ nguyên hoặc làm mềm nhẹ,Bạn có đang dùng 'hoàn hảo' như cái cớ để chẳng bao giờ bắt đầu?,"Bình yên, kiệt sức, ranh giới cảm xúc","Có thể dùng gần nguyên, vẫn cần bám insight thật."
H083,Bạn đang đợi hết sợ rồi mới làm hay vừa run vừa làm?,Confrontational,Confrontational,ADAPT,30 bài đầu,D8-D14,Short FB / Reel 60s,Câu hỏi nội tâm,Hơi gắt,Làm mềm: đổi ngôi bạn → mình + đổi structure chất vấn → mời quan sát,Có khi bạn đang đợi hết sợ rồi mới làm hay vừa run vừa làm?,"Tự soi, sống thật, lựa chọn cuộc đời",Á tốt nhưng cần làm mềm để không phán xét/coachy. Áp đầy đủ Rule #2 (đổi ngôi + structure).
H084,Có bao nhiêu giấc mơ bạn đã gấp lại vì sợ người khác nói gì?,Gentle,Gentle,PASS,30 bài đầu,D8-D14,Short FB / Reel 60s,Câu hỏi nội tâm,Hợp,Giữ nguyên hoặc làm mềm nhẹ,Có bao nhiêu giấc mơ bạn đã gấp lại vì sợ người khác nói gì?,"Tự soi, sống thật, lựa chọn cuộc đời","Có thể dùng gần nguyên, vẫn cần bám insight thật."
H085,Bạn có đang sống như bản nháp của chính cuộc đời mình?,Inspirational,Inspirational,PASS,30 bài đầu,D8-D14,Short FB / Reel 60s,Câu hỏi nội tâm,Hợp,Giữ nguyên hoặc làm mềm nhẹ,Bạn có đang sống như bản nháp của chính cuộc đời mình?,"Tự soi, sống thật, lựa chọn cuộc đời","Có thể dùng gần nguyên, vẫn cần bám insight thật."
H086,Bạn làm việc để được công nhận hay để được tự do?,Insightful,Insightful,PASS,30 bài đầu,D8-D14,Short FB / Reel 60s,Câu hỏi nội tâm,Hợp,Giữ nguyên hoặc làm mềm nhẹ,Bạn làm việc để được công nhận hay để được tự do?,"Tự soi, sống thật, lựa chọn cuộc đời","Có thể dùng gần nguyên, vẫn cần bám insight thật."
H087,Bạn đang đuổi theo thành công của ai: bạn hay xã hội?,Reflective,Reflective,PASS,30 bài đầu,D22-D30,Short FB / Reel 60s,Câu hỏi nội tâm,Hợp,Giữ nguyên hoặc làm mềm nhẹ,Bạn đang đuổi theo thành công của ai: bạn hay xã hội?,"Công việc, tự do, kỷ luật, nhịp sống","Có thể dùng gần nguyên, vẫn cần bám insight thật."
H088,Có bao nhiêu 'thành công' bạn đạt được mà vẫn thấy trống rỗng?,Confrontational,Confrontational,ADAPT,30 bài đầu,D22-D30,Short FB / Reel 60s,Câu hỏi nội tâm,Hơi gắt,Làm mềm: đổi ngôi bạn → mình + đổi structure chất vấn → mời quan sát,Có bao nhiêu 'thành công' bạn đạt được mà vẫn thấy trống rỗng?,"Công việc, tự do, kỷ luật, nhịp sống",Á tốt nhưng cần làm mềm để không phán xét/coachy. Áp đầy đủ Rule #2 (đổi ngôi + structure).
H089,Bạn đang tìm kiếm thành tích hay sự bình an?,Gentle,Gentle,PASS,30 bài đầu,D22-D30,Short FB / Reel 60s,Câu hỏi nội tâm,Hợp,Giữ nguyên hoặc làm mềm nhẹ,Bạn đang tìm kiếm thành tích hay sự bình an?,"Công việc, tự do, kỷ luật, nhịp sống","Có thể dùng gần nguyên, vẫn cần bám insight thật."
H090,"Nếu thành công không đăng được lên mạng, bạn còn muốn không?",Inspirational,Gentle,PASS,30 bài đầu,D22-D30,Short FB / Reel 60s,Câu hỏi nội tâm,Hợp,Giữ nguyên hoặc làm mềm nhẹ,"Nếu thành công không đăng được lên mạng, bạn còn muốn không?","Công việc, tự do, kỷ luật, nhịp sống","Có thể dùng gần nguyên, vẫn cần bám insight thật."
H091,Bạn có đang tin rằng 'mình phải khổ mới xứng đáng được nhận'?,Insightful,Insightful,PASS,30 bài đầu,D8-D14,Short FB / Reel 60s,Câu hỏi nội tâm,Hợp,Giữ nguyên hoặc làm mềm nhẹ,Bạn có đang tin rằng 'mình phải khổ mới xứng đáng được nhận'?,"Tự soi, sống thật, lựa chọn cuộc đời","Có thể dùng gần nguyên, vẫn cần bám insight thật."
H092,"Bạn nghĩ sao nếu cuộc đời có thể vừa nhẹ, vừa đủ, vừa giàu?",Reflective,Reflective,PASS,30 bài đầu,D22-D30,Short FB / Reel 60s,Câu hỏi nội tâm,Hợp,Giữ nguyên hoặc làm mềm nhẹ,"Bạn nghĩ sao nếu cuộc đời có thể vừa nhẹ, vừa đủ, vừa giàu?","Công việc, tự do, kỷ luật, nhịp sống","Có thể dùng gần nguyên, vẫn cần bám insight thật."
H093,Bạn đang chọn chiến đấu hay chọn nhảy khỏi cuộc chơi cũ?,Confrontational,Confrontational,ADAPT,30 bài đầu,D8-D14,Short FB / Reel 60s,Câu hỏi nội tâm,Hơi gắt,Làm mềm: đổi ngôi bạn → mình + đổi structure chất vấn → mời quan sát,Có khi bạn đang chọn chiến đấu hay chọn nhảy khỏi cuộc chơi cũ?,"Tự soi, sống thật, lựa chọn cuộc đời",Á tốt nhưng cần làm mềm để không phán xét/coachy. Áp đầy đủ Rule #2 (đổi ngôi + structure).
H094,Bạn có đang nhầm lẫn 'chịu khó' với việc chấp nhận ít hơn mình xứng đáng?,Gentle,Gentle,PASS,30 bài đầu,D8-D14,Short FB / Reel 60s,Câu hỏi nội tâm,Hợp,Giữ nguyên hoặc làm mềm nhẹ,Bạn có đang nhầm lẫn 'chịu khó' với việc chấp nhận ít hơn mình xứng đáng?,"Tự soi, sống thật, lựa chọn cuộc đời","Có thể dùng gần nguyên, vẫn cần bám insight thật."
H095,Bạn đã bao lần tự sabo chính mình ngay trước vạch đích?,Inspirational,Confrontational,ADAPT,30 bài đầu,D8-D14,Short FB / Reel 60s,Câu hỏi nội tâm,Hơi gắt,Làm mềm: đổi ngôi bạn → mình + đổi structure chất vấn → mời quan sát,Có khi bạn đã bao lần tự sabo chính mình ngay trước vạch đích?,"Tự soi, sống thật, lựa chọn cuộc đời",Á tốt nhưng cần làm mềm để không phán xét/coachy. Áp đầy đủ Rule #2 (đổi ngôi + structure).
H096,Bạn có nhận ra mình đang lặp lại cùng một bài học với những cái tên khác nhau?,Insightful,Insightful,PASS,30 bài đầu,D8-D14,Short FB / Reel 60s,Câu hỏi nội tâm,Hợp,Giữ nguyên hoặc làm mềm nhẹ,Bạn có nhận ra mình đang lặp lại cùng một bài học với những cái tên khác nhau?,"Tự soi, sống thật, lựa chọn cuộc đời","Có thể dùng gần nguyên, vẫn cần bám insight thật."
H097,"Mỗi lần bạn quay lại vùng an toàn, bạn rời xa chính mình thêm một chút.",Reflective,Reflective,PASS,30 bài đầu,D1-D7,Short FB / Reel 60s,Reflective insight,Hợp,Giữ nguyên hoặc làm mềm nhẹ,"Mỗi lần bạn quay lại vùng an toàn, bạn rời xa chính mình thêm một chút.","Bình yên, kiệt sức, ranh giới cảm xúc","Có thể dùng gần nguyên, vẫn cần bám insight thật."
H098,Bạn có đang dùng 'định mệnh' để trốn trách nhiệm với lựa chọn của mình?,Confrontational,Confrontational,ADAPT,30 bài đầu,D1-D7,Short FB / Reel 60s,Câu hỏi nội tâm,Hơi gắt,Làm mềm: đổi ngôi bạn → mình + đổi structure chất vấn → mời quan sát,Có khi bạn có đang dùng 'định mệnh' để trốn trách nhiệm với lựa chọn của mình?,"Bình yên, kiệt sức, ranh giới cảm xúc",Á tốt nhưng cần làm mềm để không phán xét/coachy. Áp đầy đủ Rule #2 (đổi ngôi + structure).
H099,"Bạn tin vũ trụ không ưa, hay bạn chưa thật sự ủng hộ chính mình?",Gentle,Gentle,REJECT,Không dùng,Không dùng,—,Spiritual,Quá spiritual / Lệch voice chị Hiền,Không dùng,Không dùng cho chị Hiền.,—,Voice chị Hiền không dùng spiritual / linh hồn / vũ trụ. REJECT.
H100,Bạn đã bao lần chọn im lặng dù tim mình gào 'không'?,Inspirational,Inspirational,PASS,30 bài đầu,D8-D14,Short FB / Reel 60s,Câu hỏi nội tâm,Hợp,Giữ nguyên hoặc làm mềm nhẹ,Bạn đã bao lần chọn im lặng dù tim mình gào 'không'?,"Tự soi, sống thật, lựa chọn cuộc đời","Có thể dùng gần nguyên, vẫn cần bám insight thật."
H101,"Bạn không thiếu cơ hội, bạn thiếu bản thân dám gật đầu với cơ hội.",Insightful,Insightful,PASS,30 bài đầu,D8-D14,Short FB / Reel 60s,Reflective insight,Hợp,Giữ nguyên hoặc làm mềm nhẹ,"Bạn không thiếu cơ hội, bạn thiếu bản thân dám gật đầu với cơ hội.","Tự soi, sống thật, lựa chọn cuộc đời","Có thể dùng gần nguyên, vẫn cần bám insight thật."
H102,Bạn đang chờ cửa sổ mới mở ra hay vẫn ôm khung cửa cũ?,Reflective,Reflective,PASS,30 bài đầu,D8-D14,Short FB / Reel 60s,Câu hỏi nội tâm,Hợp,Giữ nguyên hoặc làm mềm nhẹ,Bạn đang chờ cửa sổ mới mở ra hay vẫn ôm khung cửa cũ?,"Tự soi, sống thật, lựa chọn cuộc đời","Có thể dùng gần nguyên, vẫn cần bám insight thật."
H103,Bạn có đang phản ứng với cuộc đời hay đang chủ động thiết kế nó?,Confrontational,Confrontational,ADAPT,30 bài đầu,D8-D14,Short FB / Reel 60s,Câu hỏi nội tâm,Hơi gắt,Làm mềm: đổi ngôi bạn → mình + đổi structure chất vấn → mời quan sát,Có khi bạn có đang phản ứng với cuộc đời hay đang chủ động thiết kế nó?,"Tự soi, sống thật, lựa chọn cuộc đời",Á tốt nhưng cần làm mềm để không phán xét/coachy. Áp đầy đủ Rule #2 (đổi ngôi + structure).
H104,Bạn sống theo lịch người khác hay theo nhịp của mình?,Gentle,Gentle,PASS,30 bài đầu,D8-D14,Short FB / Reel 60s,Câu hỏi nội tâm,Hợp,Giữ nguyên hoặc làm mềm nhẹ,Bạn sống theo lịch người khác hay theo nhịp của mình?,"Tự soi, sống thật, lựa chọn cuộc đời","Có thể dùng gần nguyên, vẫn cần bám insight thật."
H105,Bạn có đang lái xe cuộc đời mình hay chỉ là hành khách?,Inspirational,Inspirational,PASS,30 bài đầu,D8-D14,Short FB / Reel 60s,Câu hỏi nội tâm,Hợp,Giữ nguyên hoặc làm mềm nhẹ,Bạn có đang lái xe cuộc đời mình hay chỉ là hành khách?,"Tự soi, sống thật, lựa chọn cuộc đời","Có thể dùng gần nguyên, vẫn cần bám insight thật."
H106,"Mỗi lần bạn nói 'chắc vậy cũng được', một phần bạn tắt đi.",Insightful,Insightful,PASS,30 bài đầu,D8-D14,Short FB / Reel 60s,Reflective insight,Hợp,Giữ nguyên hoặc làm mềm nhẹ,"Mỗi lần bạn nói 'chắc vậy cũng được', một phần bạn tắt đi.","Tự soi, sống thật, lựa chọn cuộc đời","Có thể dùng gần nguyên, vẫn cần bám insight thật."
H107,Bạn muốn cuộc sống 'chịu được' hay cuộc sống 'đáng sống'?,Reflective,Reflective,PASS,30 bài đầu,D8-D14,Short FB / Reel 60s,Câu hỏi nội tâm,Hợp,Giữ nguyên hoặc làm mềm nhẹ,Bạn muốn cuộc sống 'chịu được' hay cuộc sống 'đáng sống'?,"Tự soi, sống thật, lựa chọn cuộc đời","Có thể dùng gần nguyên, vẫn cần bám insight thật."
H108,"Bạn có đang sống để kể lại, hay chỉ để sống sót?",Confrontational,Confrontational,ADAPT,30 bài đầu,D8-D14,Short FB / Reel 60s,Câu hỏi nội tâm,Hơi gắt,Làm mềm: đổi ngôi bạn → mình + đổi structure chất vấn → mời quan sát,"Có khi bạn có đang sống để kể lại, hay chỉ để sống sót?","Tự soi, sống thật, lựa chọn cuộc đời",Á tốt nhưng cần làm mềm để không phán xét/coachy. Áp đầy đủ Rule #2 (đổi ngôi + structure).
H109,Bạn đang xây câu chuyện nào để sau này kể lại?,Gentle,Gentle,PASS,30 bài đầu,D8-D14,Short FB / Reel 60s,Câu hỏi nội tâm,Hợp,Giữ nguyên hoặc làm mềm nhẹ,Bạn đang xây câu chuyện nào để sau này kể lại?,"Tự soi, sống thật, lựa chọn cuộc đời","Có thể dùng gần nguyên, vẫn cần bám insight thật."
H110,"Nếu kể lại cuộc đời mình trong 1 trang giấy, bạn có hài lòng?",Inspirational,Gentle,PASS,30 bài đầu,D8-D14,Short FB / Reel 60s,Câu hỏi nội tâm,Hợp,Giữ nguyên hoặc làm mềm nhẹ,"Nếu kể lại cuộc đời mình trong 1 trang giấy, bạn có hài lòng?","Tự soi, sống thật, lựa chọn cuộc đời","Có thể dùng gần nguyên, vẫn cần bám insight thật."
H111,"Bạn không cần làm nhiều hơn, bạn cần làm đúng hơn.",Insightful,Insightful,PASS,30 bài đầu,D8-D14,Long FB / Reel 90-120s,Reflective insight,Hợp,Giữ nguyên hoặc làm mềm nhẹ,"Bạn không cần làm nhiều hơn, bạn cần làm đúng hơn.","Tự soi, sống thật, lựa chọn cuộc đời","Có thể dùng gần nguyên, vẫn cần bám insight thật."
H112,Bao nhiêu việc bạn làm chỉ để trốn việc thật sự quan trọng?,Reflective,Reflective,PASS,30 bài đầu,D1-D7,Short FB / Reel 60s,Câu hỏi nội tâm,Hợp,Giữ nguyên hoặc làm mềm nhẹ,Bao nhiêu việc bạn làm chỉ để trốn việc thật sự quan trọng?,"Bình yên, kiệt sức, ranh giới cảm xúc","Có thể dùng gần nguyên, vẫn cần bám insight thật."
H113,Bạn có đang nhầm lẫn bận rộn với hiệu quả?,Confrontational,Confrontational,ADAPT,30 bài đầu,D8-D14,Short FB / Reel 60s,Câu hỏi nội tâm,Hơi gắt,Làm mềm: đổi ngôi bạn → mình + đổi structure chất vấn → mời quan sát,Có khi bạn có đang nhầm lẫn bận rộn với hiệu quả?,"Tự soi, sống thật, lựa chọn cuộc đời",Á tốt nhưng cần làm mềm để không phán xét/coachy. Áp đầy đủ Rule #2 (đổi ngôi + structure).
H114,Lịch của bạn nói gì về điều bạn coi trọng?,Gentle,Gentle,PASS,30 bài đầu,D8-D14,Short FB / Reel 60s,Câu hỏi nội tâm,Hợp,Giữ nguyên hoặc làm mềm nhẹ,Lịch của bạn nói gì về điều bạn coi trọng?,"Tự soi, sống thật, lựa chọn cuộc đời","Có thể dùng gần nguyên, vẫn cần bám insight thật."
H115,Bạn có đang dành thời gian cho phiên bản tương lai của mình không?,Inspirational,Inspirational,PASS,30 bài đầu,D1-D7,Short FB / Reel 60s,Câu hỏi nội tâm,Hợp,Giữ nguyên hoặc làm mềm nhẹ,Bạn có đang dành thời gian cho phiên bản tương lai của mình không?,"Bình yên, kiệt sức, ranh giới cảm xúc","Có thể dùng gần nguyên, vẫn cần bám insight thật."
H116,Bạn đang đối xử với thời gian như vô hạn hay quý giá?,Insightful,Insightful,PASS,30 bài đầu,D8-D14,Short FB / Reel 60s,Câu hỏi nội tâm,Hợp,Giữ nguyên hoặc làm mềm nhẹ,Bạn đang đối xử với thời gian như vô hạn hay quý giá?,"Tự soi, sống thật, lựa chọn cuộc đời","Có thể dùng gần nguyên, vẫn cần bám insight thật."
H117,Bạn có đang làm việc như thể đời này còn rất nhiều 'lần sau'?,Reflective,Reflective,PASS,30 bài đầu,D8-D14,Short FB / Reel 60s,Câu hỏi nội tâm,Hợp,Giữ nguyên hoặc làm mềm nhẹ,Bạn có đang làm việc như thể đời này còn rất nhiều 'lần sau'?,"Tự soi, sống thật, lựa chọn cuộc đời","Có thể dùng gần nguyên, vẫn cần bám insight thật."
H118,Việc bạn trì hoãn hôm nay đang chất lên ai trong tương lai?,Confrontational,Confrontational,ADAPT,30 bài đầu,D8-D14,Short FB / Reel 60s,Câu hỏi nội tâm,Hơi gắt,Làm mềm: đổi ngôi bạn → mình + đổi structure chất vấn → mời quan sát,Việc bạn trì hoãn hôm nay đang chất lên ai trong tương lai?,"Tự soi, sống thật, lựa chọn cuộc đời",Á tốt nhưng cần làm mềm để không phán xét/coachy. Áp đầy đủ Rule #2 (đổi ngôi + structure).
H119,Bạn có đang thuê tương lai của mình gánh hết mọi cái giá hôm nay?,Gentle,Gentle,PASS,30 bài đầu,D8-D14,Short FB / Reel 60s,Câu hỏi nội tâm,Hợp,Giữ nguyên hoặc làm mềm nhẹ,Bạn có đang thuê tương lai của mình gánh hết mọi cái giá hôm nay?,"Tự soi, sống thật, lựa chọn cuộc đời","Có thể dùng gần nguyên, vẫn cần bám insight thật."
H120,Mỗi 'để mai' là một viên gạch xây tường chắn ước mơ của bạn.,Inspirational,Inspirational,PASS,30 bài đầu,D8-D14,Short FB / Reel 60s,Reflective insight,Hợp,Giữ nguyên hoặc làm mềm nhẹ,Mỗi 'để mai' là một viên gạch xây tường chắn ước mơ của bạn.,"Tự soi, sống thật, lựa chọn cuộc đời","Có thể dùng gần nguyên, vẫn cần bám insight thật."
H121,"Bạn không cần thêm một khóa học, bạn cần một quyết định.",Insightful,Insightful,PASS,30 bài đầu,D8-D14,Long FB / Reel 90-120s,Reflective insight,Hợp,Giữ nguyên hoặc làm mềm nhẹ,"Bạn không cần thêm một khóa học, bạn cần một quyết định.","Tự soi, sống thật, lựa chọn cuộc đời","Có thể dùng gần nguyên, vẫn cần bám insight thật."
H122,"Bạn có đang học để trốn, hay học để làm thật?",Reflective,Reflective,PASS,30 bài đầu,D1-D7,Short FB / Reel 60s,Câu hỏi nội tâm,Hợp,Giữ nguyên hoặc làm mềm nhẹ,"Bạn có đang học để trốn, hay học để làm thật?","Bình yên, kiệt sức, ranh giới cảm xúc","Có thể dùng gần nguyên, vẫn cần bám insight thật."
H123,Bao nhiêu kiến thức bạn 'biết rồi' nhưng chưa sống cùng nó?,Confrontational,Confrontational,ADAPT,30 bài đầu,D8-D14,Short FB / Reel 60s,Câu hỏi nội tâm,Hơi gắt,Làm mềm: đổi ngôi bạn → mình + đổi structure chất vấn → mời quan sát,Bao nhiêu kiến thức bạn 'biết rồi' nhưng chưa sống cùng nó?,"Tự soi, sống thật, lựa chọn cuộc đời",Á tốt nhưng cần làm mềm để không phán xét/coachy. Áp đầy đủ Rule #2 (đổi ngôi + structure).
H124,Bạn đang thu thập kiến thức hay đang xây cuộc đời?,Gentle,Gentle,PASS,30 bài đầu,D8-D14,Short FB / Reel 60s,Câu hỏi nội tâm,Hợp,Giữ nguyên hoặc làm mềm nhẹ,Bạn đang thu thập kiến thức hay đang xây cuộc đời?,"Tự soi, sống thật, lựa chọn cuộc đời","Có thể dùng gần nguyên, vẫn cần bám insight thật."
H125,Lần cuối bạn áp dụng một bài học vào đời thật là khi nào?,Inspirational,Inspirational,PASS,30 bài đầu,D8-D14,Short FB / Reel 60s,Câu hỏi nội tâm,Hợp,Giữ nguyên hoặc làm mềm nhẹ,Lần cuối bạn áp dụng một bài học vào đời thật là khi nào?,"Tự soi, sống thật, lựa chọn cuộc đời","Có thể dùng gần nguyên, vẫn cần bám insight thật."
H126,"Bạn có đang chờ đủ giỏi mới bắt đầu, hay bắt đầu để giỏi lên?",Insightful,Insightful,PASS,30 bài đầu,D8-D14,Short FB / Reel 60s,Câu hỏi nội tâm,Hợp,Giữ nguyên hoặc làm mềm nhẹ,"Bạn có đang chờ đủ giỏi mới bắt đầu, hay bắt đầu để giỏi lên?","Tự soi, sống thật, lựa chọn cuộc đời","Có thể dùng gần nguyên, vẫn cần bám insight thật."
H127,Bạn đang dùng 'em chưa sẵn sàng' để bảo vệ cái gì?,Reflective,Reflective,PASS,30 bài đầu,D1-D7,Short FB / Reel 60s,Câu hỏi nội tâm,Hợp,Giữ nguyên hoặc làm mềm nhẹ,Bạn đang dùng 'em chưa sẵn sàng' để bảo vệ cái gì?,"Bình yên, kiệt sức, ranh giới cảm xúc","Có thể dùng gần nguyên, vẫn cần bám insight thật."
H128,Bạn có đang trốn trong vùng 'nghiên cứu thêm' vô thời hạn?,Confrontational,Confrontational,ADAPT,30 bài đầu,D1-D7,Short FB / Reel 60s,Câu hỏi nội tâm,Hơi gắt,Làm mềm: đổi ngôi bạn → mình + đổi structure chất vấn → mời quan sát,Có khi bạn có đang trốn trong vùng 'nghiên cứu thêm' vô thời hạn?,"Bình yên, kiệt sức, ranh giới cảm xúc",Á tốt nhưng cần làm mềm để không phán xét/coachy. Áp đầy đủ Rule #2 (đổi ngôi + structure).
H129,Bạn học để chứng minh mình thông minh hay để nhẹ lòng?,Gentle,Confrontational,ADAPT,30 bài đầu,D8-D14,Short FB / Reel 60s,Câu hỏi nội tâm,Hơi gắt,Làm mềm: đổi ngôi bạn → mình + đổi structure chất vấn → mời quan sát,Có khi bạn học để chứng minh mình thông minh hay để nhẹ lòng?,"Tự soi, sống thật, lựa chọn cuộc đời",Á tốt nhưng cần làm mềm để không phán xét/coachy. Áp đầy đủ Rule #2 (đổi ngôi + structure).
H130,"Sức mạnh thật không nằm ở điều bạn biết, mà ở điều bạn dám làm.",Inspirational,Inspirational,PASS,30 bài đầu,D8-D14,Short FB / Reel 60s,Reflective insight,Hợp,Giữ nguyên hoặc làm mềm nhẹ,"Sức mạnh thật không nằm ở điều bạn biết, mà ở điều bạn dám làm.","Tự soi, sống thật, lựa chọn cuộc đời","Có thể dùng gần nguyên, vẫn cần bám insight thật."
H131,"Bạn đang bán [sản phẩm], hay đang bán sự chuyển hóa bên trong?",Insightful,Insightful,HOLD,Sau 30 bài / Sales phase,Sau 30 bài,Educational / Sau 30 bài,Sales / Offer hook,Quá marketing/sales sớm,Giữ lại dùng sau; bỏ yếu tố bán hàng + placeholder khi cần,Dùng sau 30 bài: cần adapt theo offer thật và voice chị Hiền.,Giai đoạn business/content/sales sau 30 bài,Chưa dùng trong 30 bài đầu. Sales hook hoặc placeholder offer.
H132,"Bạn có đang nói về tính năng, trong khi khách cần phiên bản mới của họ?",Reflective,Reflective,PASS,30 bài đầu,D8-D14,Short FB / Reel 60s,Câu hỏi nội tâm,Hợp,Giữ nguyên hoặc làm mềm nhẹ,"Bạn có đang nói về tính năng, trong khi khách cần phiên bản mới của họ?","Giá trị bản thân, bản sắc, thay đổi","Có thể dùng gần nguyên, vẫn cần bám insight thật."
H133,"Nội dung của bạn hứa điều gì với cuộc đời khách, ngoài kết quả bề mặt?",Confrontational,Confrontational,HOLD,Sau 30 bài / Sales phase,Sau 30 bài,Educational / Sau 30 bài,Sales / Offer hook,Quá marketing/sales sớm,Giữ lại dùng sau; bỏ yếu tố bán hàng + placeholder khi cần,Dùng sau 30 bài: cần adapt theo offer thật và voice chị Hiền.,Giai đoạn business/content/sales sau 30 bài,Chưa dùng trong 30 bài đầu. Sales hook hoặc placeholder offer.
H134,"Bạn có đang bán giải pháp, hay bán phép màu không cần nỗ lực?",Gentle,Gentle,HOLD,Sau 30 bài / Sales phase,Sau 30 bài,Educational / Sau 30 bài,Sales / Offer hook,Quá marketing/sales sớm,Giữ lại dùng sau; bỏ yếu tố bán hàng + placeholder khi cần,Dùng sau 30 bài: cần adapt theo offer thật và voice chị Hiền.,Giai đoạn business/content/sales sau 30 bài,Chưa dùng trong 30 bài đầu. Sales hook hoặc placeholder offer.
H135,"Nếu khách không còn cần bạn nữa sau khi làm xong, bạn có dám nhận?",Inspirational,Inspirational,HOLD,Sau 30 bài / Sales phase,Sau 30 bài,Educational / Sau 30 bài,Sales / Offer hook,Quá marketing/sales sớm,Giữ lại dùng sau; bỏ yếu tố bán hàng + placeholder khi cần,Dùng sau 30 bài: cần adapt theo offer thật và voice chị Hiền.,Giai đoạn business/content/sales sau 30 bài,Chưa dùng trong 30 bài đầu. Sales hook hoặc placeholder offer.
H136,"Bạn muốn khách lệ thuộc, hay muốn họ đủ mạnh để không cần bạn?",Insightful,Insightful,HOLD,Sau 30 bài / Sales phase,Sau 30 bài,Educational / Sau 30 bài,Sales / Offer hook,Quá marketing/sales sớm,Giữ lại dùng sau; bỏ yếu tố bán hàng + placeholder khi cần,Dùng sau 30 bài: cần adapt theo offer thật và voice chị Hiền.,Giai đoạn business/content/sales sau 30 bài,Chưa dùng trong 30 bài đầu. Sales hook hoặc placeholder offer.
H137,"Bạn có dám nói sự thật, ngay cả khi nó bán chậm hơn?",Reflective,Reflective,HOLD,Sau 30 bài / Sales phase,Sau 30 bài,Educational / Sau 30 bài,Sales / Offer hook,Quá marketing/sales sớm,Giữ lại dùng sau; bỏ yếu tố bán hàng + placeholder khi cần,Dùng sau 30 bài: cần adapt theo offer thật và voice chị Hiền.,Giai đoạn business/content/sales sau 30 bài,Chưa dùng trong 30 bài đầu. Sales hook hoặc placeholder offer.
H138,Bạn đang marketing cho cái 'tôi' hay cho giá trị thật sự?,Confrontational,Confrontational,HOLD,Sau 30 bài / Sales phase,Sau 30 bài,Educational / Sau 30 bài,Sales / Offer hook,Quá marketing/sales sớm,Giữ lại dùng sau; bỏ yếu tố bán hàng + placeholder khi cần,Dùng sau 30 bài: cần adapt theo offer thật và voice chị Hiền.,Giai đoạn business/content/sales sau 30 bài,Chưa dùng trong 30 bài đầu. Sales hook hoặc placeholder offer.
H139,"Bạn có đang dạy khách tin vào bạn, thay vì tin vào chính mình?",Gentle,Gentle,PASS,30 bài đầu,D8-D14,Short FB / Reel 60s,Câu hỏi nội tâm,Hợp,Giữ nguyên hoặc làm mềm nhẹ,"Bạn có đang dạy khách tin vào bạn, thay vì tin vào chính mình?","Tự soi, sống thật, lựa chọn cuộc đời","Có thể dùng gần nguyên, vẫn cần bám insight thật."
H140,Mỗi sản phẩm bạn bán đang kéo khách lại gần hay xa chính họ?,Inspirational,Inspirational,HOLD,Sau 30 bài / Sales phase,Sau 30 bài,Educational / Sau 30 bài,Sales / Offer hook,Quá marketing/sales sớm,Giữ lại dùng sau; bỏ yếu tố bán hàng + placeholder khi cần,Dùng sau 30 bài: cần adapt theo offer thật và voice chị Hiền.,Giai đoạn business/content/sales sau 30 bài,Chưa dùng trong 30 bài đầu. Sales hook hoặc placeholder offer.
H141,"Bạn không phải làm 'nhiều content', bạn cần content đúng.",Insightful,Insightful,PASS,30 bài đầu,D8-D14,Short FB / Reel 60s,Reflective insight,Hợp,Giữ nguyên hoặc làm mềm nhẹ,"Bạn không phải làm 'nhiều content', bạn cần content đúng.","Tự soi, sống thật, lựa chọn cuộc đời","Có thể dùng gần nguyên, vẫn cần bám insight thật."
H142,Bài viết của bạn đang bán giờ của mình hay bán tương lai của khách?,Reflective,Reflective,HOLD,Sau 30 bài / Sales phase,Sau 30 bài,Educational / Sau 30 bài,Sales / Offer hook,Quá marketing/sales sớm,Giữ lại dùng sau; bỏ yếu tố bán hàng + placeholder khi cần,Dùng sau 30 bài: cần adapt theo offer thật và voice chị Hiền.,Giai đoạn business/content/sales sau 30 bài,Chưa dùng trong 30 bài đầu. Sales hook hoặc placeholder offer.
H143,"Bạn có đang viết để được like, hay để ai đó dám thay đổi?",Confrontational,Confrontational,ADAPT,30 bài đầu,D8-D14,Short FB / Reel 60s,Câu hỏi nội tâm,Hơi gắt,Làm mềm: đổi ngôi bạn → mình + đổi structure chất vấn → mời quan sát,"Có khi bạn có đang viết để được like, hay để ai đó dám thay đổi?","Tự soi, sống thật, lựa chọn cuộc đời",Á tốt nhưng cần làm mềm để không phán xét/coachy. Áp đầy đủ Rule #2 (đổi ngôi + structure).
H144,"Nếu bài viết của bạn không khiến ai dừng lại 5 giây, nó bán được gì?",Gentle,Gentle,HOLD,Sau 30 bài / Sales phase,Sau 30 bài,Educational / Sau 30 bài,Sales / Offer hook,Quá marketing/sales sớm,Giữ lại dùng sau; bỏ yếu tố bán hàng + placeholder khi cần,Dùng sau 30 bài: cần adapt theo offer thật và voice chị Hiền.,Giai đoạn business/content/sales sau 30 bài,Chưa dùng trong 30 bài đầu. Sales hook hoặc placeholder offer.
H145,"Bạn đang kể câu chuyện cho ego, hay câu chuyện cho linh hồn?",Inspirational,Inspirational,REJECT,Không dùng,Không dùng,—,Spiritual,Quá spiritual / Lệch voice chị Hiền,Không dùng,Không dùng cho chị Hiền.,—,Voice chị Hiền không dùng spiritual / linh hồn / vũ trụ. REJECT.
H146,"Bạn có dám kể góc tối của mình, thay vì chỉ khoảnh khắc lung linh?",Insightful,Confrontational,ADAPT,30 bài đầu,D8-D14,Short FB / Reel 60s,Câu hỏi nội tâm,Hơi gắt,Làm mềm: đổi ngôi bạn → mình + đổi structure chất vấn → mời quan sát,"Có khi bạn có dám kể góc tối của mình, thay vì chỉ khoảnh khắc lung linh?","Tự soi, sống thật, lựa chọn cuộc đời",Á tốt nhưng cần làm mềm để không phán xét/coachy. Áp đầy đủ Rule #2 (đổi ngôi + structure).
H147,"Story của bạn có cho khách thấy họ trong đó không, hay chỉ thấy bạn?",Reflective,Reflective,PASS,30 bài đầu,D8-D14,Short FB / Reel 60s,Câu hỏi nội tâm,Hợp,Giữ nguyên hoặc làm mềm nhẹ,"Story của bạn có cho khách thấy họ trong đó không, hay chỉ thấy bạn?","Tự soi, sống thật, lựa chọn cuộc đời","Có thể dùng gần nguyên, vẫn cần bám insight thật."
H148,"Bạn đang viết để gây ấn tượng, hay để tạo biến chuyển thật sự?",Confrontational,Confrontational,ADAPT,30 bài đầu,D8-D14,Short FB / Reel 60s,Câu hỏi nội tâm,Hơi gắt,Làm mềm: đổi ngôi bạn → mình + đổi structure chất vấn → mời quan sát,"Có khi bạn đang viết để gây ấn tượng, hay để tạo biến chuyển thật sự?","Tự soi, sống thật, lựa chọn cuộc đời",Á tốt nhưng cần làm mềm để không phán xét/coachy. Áp đầy đủ Rule #2 (đổi ngôi + structure).
H149,Nội dung của bạn có bán được một quyết định dũng cảm không?,Gentle,Gentle,HOLD,Sau 30 bài / Sales phase,Sau 30 bài,Educational / Sau 30 bài,Sales / Offer hook,Quá marketing/sales sớm,Giữ lại dùng sau; bỏ yếu tố bán hàng + placeholder khi cần,Dùng sau 30 bài: cần adapt theo offer thật và voice chị Hiền.,Giai đoạn business/content/sales sau 30 bài,Chưa dùng trong 30 bài đầu. Sales hook hoặc placeholder offer.
H150,Bạn có dám viết như nói chuyện với một người bạn thân đang đau?,Inspirational,Confrontational,ADAPT,30 bài đầu,D8-D14,Short FB / Reel 60s,Câu hỏi nội tâm,Hơi gắt,Làm mềm: đổi ngôi bạn → mình + đổi structure chất vấn → mời quan sát,Có khi bạn có dám viết như nói chuyện với một người bạn thân đang đau?,"Tự soi, sống thật, lựa chọn cuộc đời",Á tốt nhưng cần làm mềm để không phán xét/coachy. Áp đầy đủ Rule #2 (đổi ngôi + structure).
H151,"Bạn không cần nói chuyện với cả thế giới, chỉ cần nói đúng người.",Insightful,Insightful,PASS,30 bài đầu,D8-D14,Long FB / Reel 90-120s,Reflective insight,Hợp,Giữ nguyên hoặc làm mềm nhẹ,"Bạn không cần nói chuyện với cả thế giới, chỉ cần nói đúng người.","Tự soi, sống thật, lựa chọn cuộc đời","Có thể dùng gần nguyên, vẫn cần bám insight thật."
H152,"Bạn có biết mình đang viết cho ai, ngoài 'tập khách hàng mục tiêu'?",Reflective,Reflective,HOLD,Sau 30 bài / Sales phase,Sau 30 bài,Educational / Sau 30 bài,Content / Business hook,Quá marketing/sales sớm cho 30 bài đầu,Giữ lại dùng sau khi đã warm audience,Dùng sau 30 bài. Adapt theo voice chị Hiền + insight thật.,Giai đoạn business/content/sales sau 30 bài,Chưa dùng trong 30 bài đầu.
H153,"Nếu chỉ chọn giúp một kiểu người, bạn chọn ai?",Confrontational,Gentle,PASS,30 bài đầu,D8-D14,Short FB / Reel 60s,Câu hỏi nội tâm,Hợp,Giữ nguyên hoặc làm mềm nhẹ,"Nếu chỉ chọn giúp một kiểu người, bạn chọn ai?","Tự soi, sống thật, lựa chọn cuộc đời","Có thể dùng gần nguyên, vẫn cần bám insight thật."
H154,Bạn có đang dùng từ ngữ mà phiên bản cũ của bạn từng cần nghe không?,Gentle,Gentle,PASS,30 bài đầu,D8-D14,Short FB / Reel 60s,Câu hỏi nội tâm,Hợp,Giữ nguyên hoặc làm mềm nhẹ,Bạn có đang dùng từ ngữ mà phiên bản cũ của bạn từng cần nghe không?,"Giá trị bản thân, bản sắc, thay đổi","Có thể dùng gần nguyên, vẫn cần bám insight thật."
H155,Bài viết của bạn có chạm được người đang thức khuya vì lo lắng không?,Inspirational,Inspirational,HOLD,Sau 30 bài / Sales phase,Sau 30 bài,Educational / Sau 30 bài,Sales / Offer hook,Quá marketing/sales sớm,Giữ lại dùng sau; bỏ yếu tố bán hàng + placeholder khi cần,Dùng sau 30 bài: cần adapt theo offer thật và voice chị Hiền.,Giai đoạn business/content/sales sau 30 bài,Chưa dùng trong 30 bài đầu. Sales hook hoặc placeholder offer.
H156,Bạn nói chuyện với người mạnh mẽ hay với người đang sắp bỏ cuộc?,Insightful,Insightful,PASS,30 bài đầu,D8-D14,Short FB / Reel 60s,Câu hỏi nội tâm,Hợp,Giữ nguyên hoặc làm mềm nhẹ,Bạn nói chuyện với người mạnh mẽ hay với người đang sắp bỏ cuộc?,"Tự soi, sống thật, lựa chọn cuộc đời","Có thể dùng gần nguyên, vẫn cần bám insight thật."
H157,"Bạn có đang sử dụng nỗi đau của khách, hay đang nâng niu nó?",Reflective,Reflective,PASS,30 bài đầu,D8-D14,Short FB / Reel 60s,Câu hỏi nội tâm,Hợp,Giữ nguyên hoặc làm mềm nhẹ,"Bạn có đang sử dụng nỗi đau của khách, hay đang nâng niu nó?","Tự soi, sống thật, lựa chọn cuộc đời","Có thể dùng gần nguyên, vẫn cần bám insight thật."
H158,"Bạn có dám chỉ cho khách phần họ cần đối diện, không phải phần họ muốn nghe?",Confrontational,Confrontational,ADAPT,30 bài đầu,D8-D14,Short FB / Reel 60s,Câu hỏi nội tâm,Hơi gắt,Làm mềm: đổi ngôi bạn → mình + đổi structure chất vấn → mời quan sát,"Có khi bạn có dám chỉ cho khách phần họ cần đối diện, không phải phần họ muốn nghe?","Tự soi, sống thật, lựa chọn cuộc đời",Á tốt nhưng cần làm mềm để không phán xét/coachy. Áp đầy đủ Rule #2 (đổi ngôi + structure).
H159,"Bạn đang mời họ thay đổi, hay mời họ nghiện cảm hứng?",Gentle,Gentle,PASS,30 bài đầu,D1-D7,Short FB / Reel 60s,Câu hỏi nội tâm,Hợp,Giữ nguyên hoặc làm mềm nhẹ,"Bạn đang mời họ thay đổi, hay mời họ nghiện cảm hứng?","Bình yên, kiệt sức, ranh giới cảm xúc","Có thể dùng gần nguyên, vẫn cần bám insight thật."
H160,Nội dung của bạn có để lại câu hỏi nào ám ảnh họ không?,Inspirational,Inspirational,HOLD,Sau 30 bài / Sales phase,Sau 30 bài,Educational / Sau 30 bài,Sales / Offer hook,Quá marketing/sales sớm,Giữ lại dùng sau; bỏ yếu tố bán hàng + placeholder khi cần,Dùng sau 30 bài: cần adapt theo offer thật và voice chị Hiền.,Giai đoạn business/content/sales sau 30 bài,Chưa dùng trong 30 bài đầu. Sales hook hoặc placeholder offer.
H161,"Bạn không cần thêm may mắn, bạn cần thêm trách nhiệm với lựa chọn.",Insightful,Insightful,PASS,30 bài đầu,D8-D14,Long FB / Reel 90-120s,Reflective insight,Hợp,Giữ nguyên hoặc làm mềm nhẹ,"Bạn không cần thêm may mắn, bạn cần thêm trách nhiệm với lựa chọn.","Tự soi, sống thật, lựa chọn cuộc đời","Có thể dùng gần nguyên, vẫn cần bám insight thật."
H162,Bạn có đang để cho hoàn cảnh thứ đáng lẽ mình có thể thay?,Reflective,Reflective,PASS,30 bài đầu,D8-D14,Short FB / Reel 60s,Câu hỏi nội tâm,Hợp,Giữ nguyên hoặc làm mềm nhẹ,Bạn có đang để cho hoàn cảnh thứ đáng lẽ mình có thể thay?,"Tự soi, sống thật, lựa chọn cuộc đời","Có thể dùng gần nguyên, vẫn cần bám insight thật."
H163,Bạn trách ai nhiều nhất cho cuộc đời mình hiện tại?,Confrontational,Confrontational,ADAPT,30 bài đầu,D1-D7,Short FB / Reel 60s,Câu hỏi nội tâm,Hơi gắt,Làm mềm: đổi ngôi bạn → mình + đổi structure chất vấn → mời quan sát,Có khi bạn trách ai nhiều nhất cho cuộc đời mình hiện tại?,"Bình yên, kiệt sức, ranh giới cảm xúc",Á tốt nhưng cần làm mềm để không phán xét/coachy. Áp đầy đủ Rule #2 (đổi ngôi + structure).
H164,Bạn có đang chờ ai đó 'cho phép' mình sống khác đi?,Gentle,Gentle,PASS,30 bài đầu,D8-D14,Short FB / Reel 60s,Câu hỏi nội tâm,Hợp,Giữ nguyên hoặc làm mềm nhẹ,Bạn có đang chờ ai đó 'cho phép' mình sống khác đi?,"Tự soi, sống thật, lựa chọn cuộc đời","Có thể dùng gần nguyên, vẫn cần bám insight thật."
H165,"Nếu không còn ai để đổ lỗi, bạn sẽ làm gì khác?",Inspirational,Gentle,PASS,30 bài đầu,D8-D14,Short FB / Reel 60s,Câu hỏi nội tâm,Hợp,Giữ nguyên hoặc làm mềm nhẹ,"Nếu không còn ai để đổ lỗi, bạn sẽ làm gì khác?","Tự soi, sống thật, lựa chọn cuộc đời","Có thể dùng gần nguyên, vẫn cần bám insight thật."
H166,"Bạn có bao giờ nghĩ, có thể mình cũng góp phần tạo ra điều này?",Insightful,Insightful,PASS,30 bài đầu,D8-D14,Short FB / Reel 60s,Câu hỏi nội tâm,Hợp,Giữ nguyên hoặc làm mềm nhẹ,"Bạn có bao giờ nghĩ, có thể mình cũng góp phần tạo ra điều này?","Tự soi, sống thật, lựa chọn cuộc đời","Có thể dùng gần nguyên, vẫn cần bám insight thật."
H167,"Bạn đang bảo vệ cái tôi, hay bảo vệ tương lai của mình?",Reflective,Reflective,PASS,30 bài đầu,D1-D7,Short FB / Reel 60s,Câu hỏi nội tâm,Hợp,Giữ nguyên hoặc làm mềm nhẹ,"Bạn đang bảo vệ cái tôi, hay bảo vệ tương lai của mình?","Bình yên, kiệt sức, ranh giới cảm xúc","Có thể dùng gần nguyên, vẫn cần bám insight thật."
H168,Bạn có dám nhận mình là người duy nhất chịu trách nhiệm không?,Confrontational,Confrontational,ADAPT,30 bài đầu,D8-D14,Short FB / Reel 60s,Câu hỏi nội tâm,Hơi gắt,Làm mềm: đổi ngôi bạn → mình + đổi structure chất vấn → mời quan sát,Có khi bạn có dám nhận mình là người duy nhất chịu trách nhiệm không?,"Tự soi, sống thật, lựa chọn cuộc đời",Á tốt nhưng cần làm mềm để không phán xét/coachy. Áp đầy đủ Rule #2 (đổi ngôi + structure).
H169,"Khi ngừng đổ lỗi, bạn sẽ nhận lại sức mạnh gì?",Gentle,Gentle,PASS,30 bài đầu,D8-D14,Short FB / Reel 60s,Câu hỏi nội tâm,Hợp,Giữ nguyên hoặc làm mềm nhẹ,"Khi ngừng đổ lỗi, bạn sẽ nhận lại sức mạnh gì?","Tự soi, sống thật, lựa chọn cuộc đời","Có thể dùng gần nguyên, vẫn cần bám insight thật."
H170,"Bạn có đang muốn chữa lành, nhưng không muốn thay đổi gì cả?",Inspirational,Inspirational,PASS,30 bài đầu,D1-D7,Short FB / Reel 60s,Câu hỏi nội tâm,Hợp,Giữ nguyên hoặc làm mềm nhẹ,"Bạn có đang muốn chữa lành, nhưng không muốn thay đổi gì cả?","Chữa lành, quá khứ, tự tha thứ","Có thể dùng gần nguyên, vẫn cần bám insight thật."
H171,"Bạn không cần tha thứ cho quá khứ, nhưng bạn cần buông nó ra.",Insightful,Insightful,PASS,30 bài đầu,D1-D7,Long FB / Reel 90-120s,Reflective insight,Hợp,Giữ nguyên hoặc làm mềm nhẹ,"Bạn không cần tha thứ cho quá khứ, nhưng bạn cần buông nó ra.","Chữa lành, quá khứ, tự tha thứ","Có thể dùng gần nguyên, vẫn cần bám insight thật."
H172,Bạn có đang giữ chặt nỗi đau như bằng chứng mình đáng thương?,Reflective,Confrontational,ADAPT,30 bài đầu,D8-D14,Short FB / Reel 60s,Câu hỏi nội tâm,Hơi gắt,Làm mềm: đổi ngôi bạn → mình + đổi structure chất vấn → mời quan sát,Có khi bạn có đang giữ chặt nỗi đau như bằng chứng mình đáng thương?,"Tự soi, sống thật, lựa chọn cuộc đời",Á tốt nhưng cần làm mềm để không phán xét/coachy. Áp đầy đủ Rule #2 (đổi ngôi + structure).
H173,Bạn được lợi gì khi tiếp tục ôm câu chuyện cũ?,Confrontational,Confrontational,ADAPT,30 bài đầu,D1-D7,Short FB / Reel 60s,Câu hỏi nội tâm,Hơi gắt,Làm mềm: đổi ngôi bạn → mình + đổi structure chất vấn → mời quan sát,Có khi bạn được lợi gì khi tiếp tục ôm câu chuyện cũ?,"Chữa lành, quá khứ, tự tha thứ",Á tốt nhưng cần làm mềm để không phán xét/coachy. Áp đầy đủ Rule #2 (đổi ngôi + structure).
H174,"Nếu thôi kể lại chuyện xưa, bạn sẽ kể gì về tương lai?",Gentle,Gentle,PASS,30 bài đầu,D8-D14,Short FB / Reel 60s,Câu hỏi nội tâm,Hợp,Giữ nguyên hoặc làm mềm nhẹ,"Nếu thôi kể lại chuyện xưa, bạn sẽ kể gì về tương lai?","Tự soi, sống thật, lựa chọn cuộc đời","Có thể dùng gần nguyên, vẫn cần bám insight thật."
H175,"Bạn có thực sự muốn chữa lành, hay chỉ muốn bớt cô đơn?",Inspirational,Inspirational,PASS,30 bài đầu,D1-D7,Short FB / Reel 60s,Câu hỏi nội tâm,Hợp,Giữ nguyên hoặc làm mềm nhẹ,"Bạn có thực sự muốn chữa lành, hay chỉ muốn bớt cô đơn?","Chữa lành, quá khứ, tự tha thứ","Có thể dùng gần nguyên, vẫn cần bám insight thật."
H176,"Chữa lành không xoá quá khứ, nó trả lại hiện tại cho bạn.",Insightful,Insightful,PASS,30 bài đầu,D1-D7,Short FB / Reel 60s,Reflective insight,Hợp,Giữ nguyên hoặc làm mềm nhẹ,"Chữa lành không xoá quá khứ, nó trả lại hiện tại cho bạn.","Chữa lành, quá khứ, tự tha thứ","Có thể dùng gần nguyên, vẫn cần bám insight thật."
H177,Bạn còn cần quá khứ chứng minh điều gì cho mình nữa?,Reflective,Confrontational,ADAPT,30 bài đầu,D1-D7,Short FB / Reel 60s,Câu hỏi nội tâm,Hơi gắt,Làm mềm: đổi ngôi bạn → mình + đổi structure chất vấn → mời quan sát,Có khi bạn còn cần quá khứ chứng minh điều gì cho mình nữa?,"Chữa lành, quá khứ, tự tha thứ",Á tốt nhưng cần làm mềm để không phán xét/coachy. Áp đầy đủ Rule #2 (đổi ngôi + structure).
H178,Bạn có sẵn sàng tha cho bản thân của phiên bản 'chưa biết gì' không?,Confrontational,Confrontational,ADAPT,30 bài đầu,D8-D14,Short FB / Reel 60s,Câu hỏi nội tâm,Hơi gắt,Làm mềm: đổi ngôi bạn → mình + đổi structure chất vấn → mời quan sát,Có khi bạn có sẵn sàng tha cho bản thân của phiên bản 'chưa biết gì' không?,"Giá trị bản thân, bản sắc, thay đổi",Á tốt nhưng cần làm mềm để không phán xét/coachy. Áp đầy đủ Rule #2 (đổi ngôi + structure).
H179,"Nếu bạn nhìn quá khứ như một đứa trẻ, bạn sẽ dịu hơn chứ?",Gentle,Confrontational,ADAPT,30 bài đầu,D1-D7,Short FB / Reel 60s,Câu hỏi nội tâm,Hơi gắt,Làm mềm: đổi ngôi bạn → mình + đổi structure chất vấn → mời quan sát,"Nếu bạn nhìn quá khứ như một đứa trẻ, bạn sẽ dịu hơn chứ?","Chữa lành, quá khứ, tự tha thứ",Á tốt nhưng cần làm mềm để không phán xét/coachy. Áp đầy đủ Rule #2 (đổi ngôi + structure).
H180,"Bạn có chấp nhận rằng mình đã làm hết sức, với những gì mình biết khi đó?",Inspirational,Inspirational,PASS,30 bài đầu,D8-D14,Short FB / Reel 60s,Câu hỏi nội tâm,Hợp,Giữ nguyên hoặc làm mềm nhẹ,"Bạn có chấp nhận rằng mình đã làm hết sức, với những gì mình biết khi đó?","Tự soi, sống thật, lựa chọn cuộc đời","Có thể dùng gần nguyên, vẫn cần bám insight thật."
H181,"Bạn không phải 'quá nhiều', bạn chỉ ở nhầm nơi.",Insightful,Insightful,PASS,30 bài đầu,D8-D14,Short FB / Reel 60s,Reflective insight,Hợp,Giữ nguyên hoặc làm mềm nhẹ,"Bạn không phải 'quá nhiều', bạn chỉ ở nhầm nơi.","Tự soi, sống thật, lựa chọn cuộc đời","Có thể dùng gần nguyên, vẫn cần bám insight thật."
H182,Bạn có đang chơi nhỏ lại cho vừa với nỗi sợ của người khác?,Reflective,Reflective,PASS,30 bài đầu,D8-D14,Short FB / Reel 60s,Câu hỏi nội tâm,Hợp,Giữ nguyên hoặc làm mềm nhẹ,Bạn có đang chơi nhỏ lại cho vừa với nỗi sợ của người khác?,"Tự soi, sống thật, lựa chọn cuộc đời","Có thể dùng gần nguyên, vẫn cần bám insight thật."
H183,"Môi trường bạn đang ở khuyến khích, hay làm tắt bạn đi?",Confrontational,Confrontational,ADAPT,30 bài đầu,D1-D7,Short FB / Reel 60s,Câu hỏi nội tâm,Hơi gắt,Làm mềm: đổi ngôi bạn → mình + đổi structure chất vấn → mời quan sát,"Môi trường bạn đang ở khuyến khích, hay làm tắt bạn đi?","Bình yên, kiệt sức, ranh giới cảm xúc",Á tốt nhưng cần làm mềm để không phán xét/coachy. Áp đầy đủ Rule #2 (đổi ngôi + structure).
H184,Bạn có đang xin phép được là chính mình?,Gentle,Gentle,PASS,30 bài đầu,D8-D14,Short FB / Reel 60s,Câu hỏi nội tâm,Hợp,Giữ nguyên hoặc làm mềm nhẹ,Bạn có đang xin phép được là chính mình?,"Tự soi, sống thật, lựa chọn cuộc đời","Có thể dùng gần nguyên, vẫn cần bám insight thật."
H185,"Nếu không ai chê trách, bạn sẽ sống khác đi thế nào?",Inspirational,Gentle,PASS,30 bài đầu,D8-D14,Short FB / Reel 60s,Câu hỏi nội tâm,Hợp,Giữ nguyên hoặc làm mềm nhẹ,"Nếu không ai chê trách, bạn sẽ sống khác đi thế nào?","Tự soi, sống thật, lựa chọn cuộc đời","Có thể dùng gần nguyên, vẫn cần bám insight thật."
H186,Bạn đang đặt mình vào không gian nuôi dưỡng hay không gian rút cạn?,Insightful,Insightful,PASS,30 bài đầu,D8-D14,Short FB / Reel 60s,Câu hỏi nội tâm,Hợp,Giữ nguyên hoặc làm mềm nhẹ,Bạn đang đặt mình vào không gian nuôi dưỡng hay không gian rút cạn?,"Tự soi, sống thật, lựa chọn cuộc đời","Có thể dùng gần nguyên, vẫn cần bám insight thật."
H187,Ai là người bạn cần bớt nghe lời để nghe chính mình hơn?,Reflective,Reflective,PASS,30 bài đầu,D8-D14,Short FB / Reel 60s,Câu hỏi nội tâm,Hợp,Giữ nguyên hoặc làm mềm nhẹ,Ai là người bạn cần bớt nghe lời để nghe chính mình hơn?,"Tự soi, sống thật, lựa chọn cuộc đời","Có thể dùng gần nguyên, vẫn cần bám insight thật."
H188,Bạn có đang cho người khác quyền phán xử cuộc đời mình?,Confrontational,Confrontational,ADAPT,30 bài đầu,D8-D14,Short FB / Reel 60s,Câu hỏi nội tâm,Hơi gắt,Làm mềm: đổi ngôi bạn → mình + đổi structure chất vấn → mời quan sát,Có khi bạn có đang cho người khác quyền phán xử cuộc đời mình?,"Tự soi, sống thật, lựa chọn cuộc đời",Á tốt nhưng cần làm mềm để không phán xét/coachy. Áp đầy đủ Rule #2 (đổi ngôi + structure).
H189,"Nếu không cần ai đồng ý, bạn sẽ đổi điều gì đầu tiên?",Gentle,Gentle,PASS,30 bài đầu,D8-D14,Long FB / Reel 90-120s,Câu hỏi nội tâm,Hợp,Giữ nguyên hoặc làm mềm nhẹ,"Nếu không cần ai đồng ý, bạn sẽ đổi điều gì đầu tiên?","Tự soi, sống thật, lựa chọn cuộc đời","Có thể dùng gần nguyên, vẫn cần bám insight thật."
H190,"Bạn có đang sống để không bị ghét, thay vì sống để tự tôn trọng mình?",Inspirational,Inspirational,PASS,30 bài đầu,D8-D14,Short FB / Reel 60s,Câu hỏi nội tâm,Hợp,Giữ nguyên hoặc làm mềm nhẹ,"Bạn có đang sống để không bị ghét, thay vì sống để tự tôn trọng mình?","Ranh giới, quan hệ, năng lượng xung quanh","Có thể dùng gần nguyên, vẫn cần bám insight thật."
H191,"Bạn không bất thường, bạn chỉ thức dậy sớm hơn một chút.",Insightful,Insightful,PASS,30 bài đầu,D8-D14,Short FB / Reel 60s,Reflective insight,Hợp,Giữ nguyên hoặc làm mềm nhẹ,"Bạn không bất thường, bạn chỉ thức dậy sớm hơn một chút.","Tự soi, sống thật, lựa chọn cuộc đời","Có thể dùng gần nguyên, vẫn cần bám insight thật."
H192,Bạn có đang thức tỉnh trong một thế giới vẫn muốn ngủ tiếp?,Reflective,Reflective,PASS,30 bài đầu,D8-D14,Short FB / Reel 60s,Câu hỏi nội tâm,Hợp,Giữ nguyên hoặc làm mềm nhẹ,Bạn có đang thức tỉnh trong một thế giới vẫn muốn ngủ tiếp?,"Tự soi, sống thật, lựa chọn cuộc đời","Có thể dùng gần nguyên, vẫn cần bám insight thật."
H193,Bạn đang đi trước hay đi lạc khỏi đám đông?,Confrontational,Confrontational,ADAPT,30 bài đầu,D8-D14,Short FB / Reel 60s,Câu hỏi nội tâm,Hơi gắt,Làm mềm: đổi ngôi bạn → mình + đổi structure chất vấn → mời quan sát,Có khi bạn đang đi trước hay đi lạc khỏi đám đông?,"Tự soi, sống thật, lựa chọn cuộc đời",Á tốt nhưng cần làm mềm để không phán xét/coachy. Áp đầy đủ Rule #2 (đổi ngôi + structure).
H194,"Bạn có dám tin cảm nhận của mình, ngay cả khi không ai hiểu?",Gentle,Confrontational,ADAPT,30 bài đầu,D8-D14,Short FB / Reel 60s,Câu hỏi nội tâm,Hơi gắt,Làm mềm: đổi ngôi bạn → mình + đổi structure chất vấn → mời quan sát,"Có khi bạn có dám tin cảm nhận của mình, ngay cả khi không ai hiểu?","Tự soi, sống thật, lựa chọn cuộc đời",Á tốt nhưng cần làm mềm để không phán xét/coachy. Áp đầy đủ Rule #2 (đổi ngôi + structure).
H195,"Nếu trực giác nói khác logic, bạn nghe ai?",Inspirational,Gentle,PASS,30 bài đầu,D8-D14,Short FB / Reel 60s,Câu hỏi nội tâm,Hợp,Giữ nguyên hoặc làm mềm nhẹ,"Nếu trực giác nói khác logic, bạn nghe ai?","Tự soi, sống thật, lựa chọn cuộc đời","Có thể dùng gần nguyên, vẫn cần bám insight thật."
H196,Bạn có đang chối bỏ phần sâu sắc nhất bên trong để được an toàn?,Insightful,Insightful,PASS,30 bài đầu,D8-D14,Short FB / Reel 60s,Câu hỏi nội tâm,Hợp,Giữ nguyên hoặc làm mềm nhẹ,Bạn có đang chối bỏ phần sâu sắc nhất bên trong để được an toàn?,"Tự soi, sống thật, lựa chọn cuộc đời","Có thể dùng gần nguyên, vẫn cần bám insight thật."
H197,Bạn tin điều gì về mình mà không ai từng nói ra?,Reflective,Reflective,PASS,30 bài đầu,D8-D14,Short FB / Reel 60s,Câu hỏi nội tâm,Hợp,Giữ nguyên hoặc làm mềm nhẹ,Bạn tin điều gì về mình mà không ai từng nói ra?,"Tự soi, sống thật, lựa chọn cuộc đời","Có thể dùng gần nguyên, vẫn cần bám insight thật."
H198,Bạn có đang lờ đi tiếng gọi mà mình biết rõ là dành cho mình?,Confrontational,Confrontational,ADAPT,30 bài đầu,D8-D14,Short FB / Reel 60s,Câu hỏi nội tâm,Hơi gắt,Làm mềm: đổi ngôi bạn → mình + đổi structure chất vấn → mời quan sát,Có khi bạn có đang lờ đi tiếng gọi mà mình biết rõ là dành cho mình?,"Tự soi, sống thật, lựa chọn cuộc đời",Á tốt nhưng cần làm mềm để không phán xét/coachy. Áp đầy đủ Rule #2 (đổi ngôi + structure).
H199,"Nếu linh hồn bạn viết status hôm nay, nó sẽ viết gì?",Gentle,Gentle,REJECT,Không dùng,Không dùng,—,Spiritual,Quá spiritual / Lệch voice chị Hiền,Không dùng,Không dùng cho chị Hiền.,—,Voice chị Hiền không dùng spiritual / linh hồn / vũ trụ. REJECT.
H200,Bạn có đang trở thành người mà ngày xưa bạn từng cần?,Inspirational,Inspirational,PASS,30 bài đầu,D8-D14,Short FB / Reel 60s,Câu hỏi nội tâm,Hợp,Giữ nguyên hoặc làm mềm nhẹ,Bạn có đang trở thành người mà ngày xưa bạn từng cần?,"Tự soi, sống thật, lựa chọn cuộc đời","Có thể dùng gần nguyên, vẫn cần bám insight thật."
H201,"Bạn không lạc đường, bạn chỉ đang rẽ khỏi lối mòn cũ.",Insightful,Insightful,PASS,30 bài đầu,D8-D14,Short FB / Reel 60s,Reflective insight,Hợp,Giữ nguyên hoặc làm mềm nhẹ,"Bạn không lạc đường, bạn chỉ đang rẽ khỏi lối mòn cũ.","Tự soi, sống thật, lựa chọn cuộc đời","Có thể dùng gần nguyên, vẫn cần bám insight thật."
H202,Bạn có đang đòi bản đồ cho con đường chưa ai đi?,Reflective,Reflective,PASS,30 bài đầu,D8-D14,Short FB / Reel 60s,Câu hỏi nội tâm,Hợp,Giữ nguyên hoặc làm mềm nhẹ,Bạn có đang đòi bản đồ cho con đường chưa ai đi?,"Tự soi, sống thật, lựa chọn cuộc đời","Có thể dùng gần nguyên, vẫn cần bám insight thật."
H203,"Nếu không có đường có sẵn, bạn có dám tự vạch?",Confrontational,Confrontational,ADAPT,30 bài đầu,D8-D14,Short FB / Reel 60s,Câu hỏi nội tâm,Hơi gắt,Làm mềm: đổi ngôi bạn → mình + đổi structure chất vấn → mời quan sát,"Nếu không có đường có sẵn, bạn có dám tự vạch?","Tự soi, sống thật, lựa chọn cuộc đời",Á tốt nhưng cần làm mềm để không phán xét/coachy. Áp đầy đủ Rule #2 (đổi ngôi + structure).
H204,Bạn có đang chờ 'ai đó từng làm rồi' mới dám thử?,Gentle,Gentle,PASS,30 bài đầu,D8-D14,Short FB / Reel 60s,Câu hỏi nội tâm,Hợp,Giữ nguyên hoặc làm mềm nhẹ,Bạn có đang chờ 'ai đó từng làm rồi' mới dám thử?,"Tự soi, sống thật, lựa chọn cuộc đời","Có thể dùng gần nguyên, vẫn cần bám insight thật."
H205,"Bạn đi chậm, nhưng bạn có chắc mình đi đúng hướng?",Inspirational,Inspirational,PASS,30 bài đầu,D8-D14,Short FB / Reel 60s,Câu hỏi nội tâm,Hợp,Giữ nguyên hoặc làm mềm nhẹ,"Bạn đi chậm, nhưng bạn có chắc mình đi đúng hướng?","Tự soi, sống thật, lựa chọn cuộc đời","Có thể dùng gần nguyên, vẫn cần bám insight thật."
H206,Bạn có đang chạy rất nhanh… trên một chiếc băng chuyền đứng yên?,Insightful,Insightful,PASS,30 bài đầu,D8-D14,Short FB / Reel 60s,Câu hỏi nội tâm,Hợp,Giữ nguyên hoặc làm mềm nhẹ,Bạn có đang chạy rất nhanh… trên một chiếc băng chuyền đứng yên?,"Tự soi, sống thật, lựa chọn cuộc đời","Có thể dùng gần nguyên, vẫn cần bám insight thật."
H207,Bạn chọn tốc độ hay chọn ý nghĩa?,Reflective,Reflective,PASS,30 bài đầu,D8-D14,Short FB / Reel 60s,Câu hỏi nội tâm,Hợp,Giữ nguyên hoặc làm mềm nhẹ,Bạn chọn tốc độ hay chọn ý nghĩa?,"Tự soi, sống thật, lựa chọn cuộc đời","Có thể dùng gần nguyên, vẫn cần bám insight thật."
H208,"Bạn có dám chậm lại để đi đúng, thay vì nhanh cho giống người ta?",Confrontational,Confrontational,ADAPT,30 bài đầu,D8-D14,Short FB / Reel 60s,Câu hỏi nội tâm,Hơi gắt,Làm mềm: đổi ngôi bạn → mình + đổi structure chất vấn → mời quan sát,"Có khi bạn có dám chậm lại để đi đúng, thay vì nhanh cho giống người ta?","Tự soi, sống thật, lựa chọn cuộc đời",Á tốt nhưng cần làm mềm để không phán xét/coachy. Áp đầy đủ Rule #2 (đổi ngôi + structure).
H209,"Nếu tốc độ không còn quan trọng, bạn muốn trải nghiệm điều gì?",Gentle,Gentle,PASS,30 bài đầu,D8-D14,Short FB / Reel 60s,Câu hỏi nội tâm,Hợp,Giữ nguyên hoặc làm mềm nhẹ,"Nếu tốc độ không còn quan trọng, bạn muốn trải nghiệm điều gì?","Tự soi, sống thật, lựa chọn cuộc đời","Có thể dùng gần nguyên, vẫn cần bám insight thật."
H210,"Bạn có đang sống cuộc đời mình, hay đang thi với timeline của người khác?",Inspirational,Inspirational,PASS,30 bài đầu,D8-D14,Short FB / Reel 60s,Câu hỏi nội tâm,Hợp,Giữ nguyên hoặc làm mềm nhẹ,"Bạn có đang sống cuộc đời mình, hay đang thi với timeline của người khác?","Tự soi, sống thật, lựa chọn cuộc đời","Có thể dùng gần nguyên, vẫn cần bám insight thật."
H211,"Bạn không cần 'cố gắng hơn', bạn cần 'sống khác đi'.",Insightful,Insightful,PASS,30 bài đầu,D1-D7,Long FB / Reel 90-120s,Reflective insight,Hợp,Giữ nguyên hoặc làm mềm nhẹ,"Bạn không cần 'cố gắng hơn', bạn cần 'sống khác đi'.","Bình yên, kiệt sức, ranh giới cảm xúc","Có thể dùng gần nguyên, vẫn cần bám insight thật."
H212,Bạn có đang cố gắng chữa lỗi hệ thống bằng thêm nỗ lực cá nhân?,Reflective,Reflective,PASS,30 bài đầu,D8-D14,Short FB / Reel 60s,Câu hỏi nội tâm,Hợp,Giữ nguyên hoặc làm mềm nhẹ,Bạn có đang cố gắng chữa lỗi hệ thống bằng thêm nỗ lực cá nhân?,"Tự soi, sống thật, lựa chọn cuộc đời","Có thể dùng gần nguyên, vẫn cần bám insight thật."
H213,Bạn có đang tự trách mình vì một mô hình vốn không phục vụ mình?,Confrontational,Confrontational,ADAPT,30 bài đầu,D8-D14,Short FB / Reel 60s,Câu hỏi nội tâm,Hơi gắt,Làm mềm: đổi ngôi bạn → mình + đổi structure chất vấn → mời quan sát,Có khi bạn có đang tự trách mình vì một mô hình vốn không phục vụ mình?,"Tự soi, sống thật, lựa chọn cuộc đời",Á tốt nhưng cần làm mềm để không phán xét/coachy. Áp đầy đủ Rule #2 (đổi ngôi + structure).
H214,Bạn cần sửa bản thân hay cần đổi môi trường?,Gentle,Gentle,PASS,30 bài đầu,D1-D7,Short FB / Reel 60s,Câu hỏi nội tâm,Hợp,Giữ nguyên hoặc làm mềm nhẹ,Bạn cần sửa bản thân hay cần đổi môi trường?,"Bình yên, kiệt sức, ranh giới cảm xúc","Có thể dùng gần nguyên, vẫn cần bám insight thật."
H215,Bạn có đang cố vừa lòng hệ thống mà quên hỏi 'mình muốn gì'?,Inspirational,Inspirational,PASS,30 bài đầu,D8-D14,Short FB / Reel 60s,Câu hỏi nội tâm,Hợp,Giữ nguyên hoặc làm mềm nhẹ,Bạn có đang cố vừa lòng hệ thống mà quên hỏi 'mình muốn gì'?,"Tự soi, sống thật, lựa chọn cuộc đời","Có thể dùng gần nguyên, vẫn cần bám insight thật."
H216,Bạn có đang xem burnout là huy chương danh dự?,Insightful,Insightful,PASS,30 bài đầu,D22-D30,Short FB / Reel 60s,Câu hỏi nội tâm,Hợp,Giữ nguyên hoặc làm mềm nhẹ,Bạn có đang xem burnout là huy chương danh dự?,"Công việc, tự do, kỷ luật, nhịp sống","Có thể dùng gần nguyên, vẫn cần bám insight thật."
H217,Bạn cần nghỉ ngơi hay cần nhìn lại toàn bộ bản đồ?,Reflective,Reflective,PASS,30 bài đầu,D8-D14,Short FB / Reel 60s,Câu hỏi nội tâm,Hợp,Giữ nguyên hoặc làm mềm nhẹ,Bạn cần nghỉ ngơi hay cần nhìn lại toàn bộ bản đồ?,"Tự soi, sống thật, lựa chọn cuộc đời","Có thể dùng gần nguyên, vẫn cần bám insight thật."
H218,Bạn có đang dùng cà phê để chống lại tiếng kêu 'hãy dừng lại'?,Confrontational,Confrontational,ADAPT,30 bài đầu,D8-D14,Short FB / Reel 60s,Câu hỏi nội tâm,Hơi gắt,Làm mềm: đổi ngôi bạn → mình + đổi structure chất vấn → mời quan sát,Có khi bạn có đang dùng cà phê để chống lại tiếng kêu 'hãy dừng lại'?,"Tự soi, sống thật, lựa chọn cuộc đời",Á tốt nhưng cần làm mềm để không phán xét/coachy. Áp đầy đủ Rule #2 (đổi ngôi + structure).
H219,Cơ thể bạn đã gửi bao nhiêu tín hiệu mà bạn gạt đi?,Gentle,Gentle,PASS,30 bài đầu,D1-D7,Short FB / Reel 60s,Câu hỏi nội tâm,Hợp,Giữ nguyên hoặc làm mềm nhẹ,Cơ thể bạn đã gửi bao nhiêu tín hiệu mà bạn gạt đi?,"Bình yên, kiệt sức, ranh giới cảm xúc","Có thể dùng gần nguyên, vẫn cần bám insight thật."
H220,Bạn có đang đổi sức khoẻ lấy thành tích mà bạn không thật sự muốn?,Inspirational,Inspirational,PASS,30 bài đầu,D22-D30,Short FB / Reel 60s,Câu hỏi nội tâm,Hợp,Giữ nguyên hoặc làm mềm nhẹ,Bạn có đang đổi sức khoẻ lấy thành tích mà bạn không thật sự muốn?,"Công việc, tự do, kỷ luật, nhịp sống","Có thể dùng gần nguyên, vẫn cần bám insight thật."
H221,"Bạn không cần thêm 'how to', bạn cần thêm 'tại sao'.",Insightful,Confrontational,ADAPT,30 bài đầu,D8-D14,Long FB / Reel 90-120s,Reflective insight,Hơi gắt,Làm mềm: đổi ngôi bạn → mình + đổi structure chất vấn → mời quan sát,"Có khi bạn không cần thêm 'how to', bạn cần thêm 'tại sao'.","Tự soi, sống thật, lựa chọn cuộc đời",Á tốt nhưng cần làm mềm để không phán xét/coachy. Áp đầy đủ Rule #2 (đổi ngôi + structure).
H222,Bạn có biết vì sao mình thật sự muốn [kết quả] không?,Reflective,Confrontational,ADAPT,30 bài đầu,D8-D14,Short FB / Reel 60s,Câu hỏi nội tâm,Hơi gắt,Làm mềm: đổi ngôi bạn → mình + đổi structure chất vấn → mời quan sát,Có khi bạn có biết vì sao mình thật sự muốn [kết quả] không?,"Tự soi, sống thật, lựa chọn cuộc đời",Á tốt nhưng cần làm mềm để không phán xét/coachy. Áp đầy đủ Rule #2 (đổi ngôi + structure).
H223,"Nếu không được khoe, bạn còn muốn đạt mục tiêu này không?",Confrontational,Gentle,PASS,30 bài đầu,D8-D14,Short FB / Reel 60s,Câu hỏi nội tâm,Hợp,Giữ nguyên hoặc làm mềm nhẹ,"Nếu không được khoe, bạn còn muốn đạt mục tiêu này không?","Tự soi, sống thật, lựa chọn cuộc đời","Có thể dùng gần nguyên, vẫn cần bám insight thật."
H224,"Bạn đang muốn điều này vì nhẹ lòng, hay vì được vỗ tay?",Gentle,Gentle,PASS,30 bài đầu,D8-D14,Short FB / Reel 60s,Câu hỏi nội tâm,Hợp,Giữ nguyên hoặc làm mềm nhẹ,"Bạn đang muốn điều này vì nhẹ lòng, hay vì được vỗ tay?","Tự soi, sống thật, lựa chọn cuộc đời","Có thể dùng gần nguyên, vẫn cần bám insight thật."
H225,"Bạn có đang theo đuổi giấc mơ của mình, hay giấc mơ trông đẹp trên mạng?",Inspirational,Inspirational,PASS,30 bài đầu,D8-D14,Short FB / Reel 60s,Câu hỏi nội tâm,Hợp,Giữ nguyên hoặc làm mềm nhẹ,"Bạn có đang theo đuổi giấc mơ của mình, hay giấc mơ trông đẹp trên mạng?","Tự soi, sống thật, lựa chọn cuộc đời","Có thể dùng gần nguyên, vẫn cần bám insight thật."
H226,"Bạn đã bao lần đạt được thứ mình tưởng muốn, rồi vẫn trống rỗng?",Insightful,Insightful,PASS,30 bài đầu,D1-D7,Short FB / Reel 60s,Câu hỏi nội tâm,Hợp,Giữ nguyên hoặc làm mềm nhẹ,"Bạn đã bao lần đạt được thứ mình tưởng muốn, rồi vẫn trống rỗng?","Bình yên, kiệt sức, ranh giới cảm xúc","Có thể dùng gần nguyên, vẫn cần bám insight thật."
H227,Bạn có hiểu điều mình thật sự không muốn lặp lại nữa không?,Reflective,Reflective,PASS,30 bài đầu,D8-D14,Short FB / Reel 60s,Câu hỏi nội tâm,Hợp,Giữ nguyên hoặc làm mềm nhẹ,Bạn có hiểu điều mình thật sự không muốn lặp lại nữa không?,"Tự soi, sống thật, lựa chọn cuộc đời","Có thể dùng gần nguyên, vẫn cần bám insight thật."
H228,Bạn muốn sống cuộc đời sâu sắc hay đời nhìn cho 'ra gì'?,Confrontational,Confrontational,ADAPT,30 bài đầu,D8-D14,Short FB / Reel 60s,Câu hỏi nội tâm,Hơi gắt,Làm mềm: đổi ngôi bạn → mình + đổi structure chất vấn → mời quan sát,Có khi bạn muốn sống cuộc đời sâu sắc hay đời nhìn cho 'ra gì'?,"Tự soi, sống thật, lựa chọn cuộc đời",Á tốt nhưng cần làm mềm để không phán xét/coachy. Áp đầy đủ Rule #2 (đổi ngôi + structure).
H229,Bạn có dám chọn mục tiêu nhỏ hơn nhưng đúng với linh hồn mình hơn?,Gentle,Gentle,REJECT,Không dùng,Không dùng,—,Spiritual,Quá spiritual / Lệch voice chị Hiền,Không dùng,Không dùng cho chị Hiền.,—,Voice chị Hiền không dùng spiritual / linh hồn / vũ trụ. REJECT.
H230,"Nếu không ai biết, bạn vẫn muốn thay đổi chứ?",Inspirational,Confrontational,ADAPT,30 bài đầu,D8-D14,Short FB / Reel 60s,Câu hỏi nội tâm,Hơi gắt,Làm mềm: đổi ngôi bạn → mình + đổi structure chất vấn → mời quan sát,"Nếu không ai biết, bạn vẫn muốn thay đổi chứ?","Tự soi, sống thật, lựa chọn cuộc đời",Á tốt nhưng cần làm mềm để không phán xét/coachy. Áp đầy đủ Rule #2 (đổi ngôi + structure).
H231,"Bạn không cần hoàn hảo, bạn cần trung thực.",Insightful,Insightful,PASS,30 bài đầu,D1-D7,Long FB / Reel 90-120s,Reflective insight,Hợp,Giữ nguyên hoặc làm mềm nhẹ,"Bạn không cần hoàn hảo, bạn cần trung thực.","Bình yên, kiệt sức, ranh giới cảm xúc","Có thể dùng gần nguyên, vẫn cần bám insight thật."
H232,Bạn có đang xây hình ảnh 'tốt' thay vì cuộc đời thật sự 'đúng'?,Reflective,Reflective,PASS,30 bài đầu,D8-D14,Short FB / Reel 60s,Câu hỏi nội tâm,Hợp,Giữ nguyên hoặc làm mềm nhẹ,Bạn có đang xây hình ảnh 'tốt' thay vì cuộc đời thật sự 'đúng'?,"Tự soi, sống thật, lựa chọn cuộc đời","Có thể dùng gần nguyên, vẫn cần bám insight thật."
H233,"Mỗi lần bạn nói 'không sao đâu', có phần nào trong bạn chết đi không?",Confrontational,Confrontational,ADAPT,30 bài đầu,D1-D7,Short FB / Reel 60s,Câu hỏi nội tâm,Hơi gắt,Làm mềm: đổi ngôi bạn → mình + đổi structure chất vấn → mời quan sát,"Mỗi lần bạn nói 'không sao đâu', có phần nào trong bạn chết đi không?","Bình yên, kiệt sức, ranh giới cảm xúc",Á tốt nhưng cần làm mềm để không phán xét/coachy. Áp đầy đủ Rule #2 (đổi ngôi + structure).
H234,Bạn có đang trang điểm cho cảm xúc bằng những câu nói tích cực rỗng?,Gentle,Gentle,PASS,30 bài đầu,D1-D7,Short FB / Reel 60s,Câu hỏi nội tâm,Hợp,Giữ nguyên hoặc làm mềm nhẹ,Bạn có đang trang điểm cho cảm xúc bằng những câu nói tích cực rỗng?,"Bình yên, kiệt sức, ranh giới cảm xúc","Có thể dùng gần nguyên, vẫn cần bám insight thật."
H235,Bạn có dám thừa nhận 'mình mệt' mà không thấy xấu hổ?,Inspirational,Confrontational,ADAPT,30 bài đầu,D1-D7,Short FB / Reel 60s,Câu hỏi nội tâm,Hơi gắt,Làm mềm: đổi ngôi bạn → mình + đổi structure chất vấn → mời quan sát,Có khi bạn có dám thừa nhận 'mình mệt' mà không thấy xấu hổ?,"Bình yên, kiệt sức, ranh giới cảm xúc",Á tốt nhưng cần làm mềm để không phán xét/coachy. Áp đầy đủ Rule #2 (đổi ngôi + structure).
H236,Bạn có đang dùng 'tích cực' để phủ bê tông lên nỗi đau?,Insightful,Insightful,PASS,30 bài đầu,D8-D14,Short FB / Reel 60s,Câu hỏi nội tâm,Hợp,Giữ nguyên hoặc làm mềm nhẹ,Bạn có đang dùng 'tích cực' để phủ bê tông lên nỗi đau?,"Tự soi, sống thật, lựa chọn cuộc đời","Có thể dùng gần nguyên, vẫn cần bám insight thật."
H237,Bạn có phân biệt được bình an và tê liệt cảm xúc không?,Reflective,Reflective,PASS,30 bài đầu,D1-D7,Short FB / Reel 60s,Câu hỏi nội tâm,Hợp,Giữ nguyên hoặc làm mềm nhẹ,Bạn có phân biệt được bình an và tê liệt cảm xúc không?,"Bình yên, kiệt sức, ranh giới cảm xúc","Có thể dùng gần nguyên, vẫn cần bám insight thật."
H238,Bạn đang sống tỉnh thức hay sống cơ chế 'auto'?,Confrontational,Confrontational,ADAPT,30 bài đầu,D1-D7,Short FB / Reel 60s,Câu hỏi nội tâm,Hơi gắt,Làm mềm: đổi ngôi bạn → mình + đổi structure chất vấn → mời quan sát,Có khi bạn đang sống tỉnh thức hay sống cơ chế 'auto'?,"Bình yên, kiệt sức, ranh giới cảm xúc",Á tốt nhưng cần làm mềm để không phán xét/coachy. Áp đầy đủ Rule #2 (đổi ngôi + structure).
H239,"Bạn có cảm được mình đang cảm gì, hay chỉ chạy theo việc cần làm?",Gentle,Gentle,PASS,30 bài đầu,D8-D14,Short FB / Reel 60s,Câu hỏi nội tâm,Hợp,Giữ nguyên hoặc làm mềm nhẹ,"Bạn có cảm được mình đang cảm gì, hay chỉ chạy theo việc cần làm?","Tự soi, sống thật, lựa chọn cuộc đời","Có thể dùng gần nguyên, vẫn cần bám insight thật."
H240,"Lần cuối bạn khóc vì chạm vào sự thật, không phải vì bất lực là khi nào?",Inspirational,Inspirational,PASS,30 bài đầu,D8-D14,Short FB / Reel 60s,Câu hỏi nội tâm,Hợp,Giữ nguyên hoặc làm mềm nhẹ,"Lần cuối bạn khóc vì chạm vào sự thật, không phải vì bất lực là khi nào?","Tự soi, sống thật, lựa chọn cuộc đời","Có thể dùng gần nguyên, vẫn cần bám insight thật."
H241,"Bạn không thiếu may mắn, bạn thiếu can đảm đứng về phía mình.",Insightful,Insightful,PASS,30 bài đầu,D8-D14,Short FB / Reel 60s,Reflective insight,Hợp,Giữ nguyên hoặc làm mềm nhẹ,"Bạn không thiếu may mắn, bạn thiếu can đảm đứng về phía mình.","Tự soi, sống thật, lựa chọn cuộc đời","Có thể dùng gần nguyên, vẫn cần bám insight thật."
H242,Bạn có đang tin người khác hơn là tin chính mình?,Reflective,Reflective,PASS,30 bài đầu,D8-D14,Short FB / Reel 60s,Câu hỏi nội tâm,Hợp,Giữ nguyên hoặc làm mềm nhẹ,Bạn có đang tin người khác hơn là tin chính mình?,"Tự soi, sống thật, lựa chọn cuộc đời","Có thể dùng gần nguyên, vẫn cần bám insight thật."
H243,Bạn đang nghe theo tiếng nói nào to nhất trong đầu?,Confrontational,Confrontational,ADAPT,30 bài đầu,D8-D14,Short FB / Reel 60s,Câu hỏi nội tâm,Hơi gắt,Làm mềm: đổi ngôi bạn → mình + đổi structure chất vấn → mời quan sát,Có khi bạn đang nghe theo tiếng nói nào to nhất trong đầu?,"Tự soi, sống thật, lựa chọn cuộc đời",Á tốt nhưng cần làm mềm để không phán xét/coachy. Áp đầy đủ Rule #2 (đổi ngôi + structure).
H244,Bạn có nhận ra giọng nói phán xét trong đầu không phải là bạn?,Gentle,Gentle,PASS,30 bài đầu,D8-D14,Short FB / Reel 60s,Câu hỏi nội tâm,Hợp,Giữ nguyên hoặc làm mềm nhẹ,Bạn có nhận ra giọng nói phán xét trong đầu không phải là bạn?,"Tự soi, sống thật, lựa chọn cuộc đời","Có thể dùng gần nguyên, vẫn cần bám insight thật."
H245,Bạn đang kể câu chuyện nào về mình mỗi ngày?,Inspirational,Confrontational,ADAPT,30 bài đầu,D8-D14,Short FB / Reel 60s,Câu hỏi nội tâm,Hơi gắt,Làm mềm: đổi ngôi bạn → mình + đổi structure chất vấn → mời quan sát,Có khi bạn đang kể câu chuyện nào về mình mỗi ngày?,"Tự soi, sống thật, lựa chọn cuộc đời",Á tốt nhưng cần làm mềm để không phán xét/coachy. Áp đầy đủ Rule #2 (đổi ngôi + structure).
H246,"Nếu đổi câu chuyện, liệu cuộc đời có đổi theo không?",Insightful,Gentle,PASS,30 bài đầu,D8-D14,Short FB / Reel 60s,Câu hỏi nội tâm,Hợp,Giữ nguyên hoặc làm mềm nhẹ,"Nếu đổi câu chuyện, liệu cuộc đời có đổi theo không?","Tự soi, sống thật, lựa chọn cuộc đời","Có thể dùng gần nguyên, vẫn cần bám insight thật."
H247,Bạn có dám thôi gọi mình bằng những nhãn cũ?,Reflective,Confrontational,ADAPT,30 bài đầu,D1-D7,Short FB / Reel 60s,Câu hỏi nội tâm,Hơi gắt,Làm mềm: đổi ngôi bạn → mình + đổi structure chất vấn → mời quan sát,Có khi bạn có dám thôi gọi mình bằng những nhãn cũ?,"Bình yên, kiệt sức, ranh giới cảm xúc",Á tốt nhưng cần làm mềm để không phán xét/coachy. Áp đầy đủ Rule #2 (đổi ngôi + structure).
H248,Bạn có thấy mình nói 'em vốn là người…' bao nhiêu lần không?,Confrontational,Confrontational,ADAPT,30 bài đầu,D8-D14,Short FB / Reel 60s,Câu hỏi nội tâm,Hơi gắt,Làm mềm: đổi ngôi bạn → mình + đổi structure chất vấn → mời quan sát,Có khi bạn có thấy mình nói 'em vốn là người…' bao nhiêu lần không?,"Tự soi, sống thật, lựa chọn cuộc đời",Á tốt nhưng cần làm mềm để không phán xét/coachy. Áp đầy đủ Rule #2 (đổi ngôi + structure).
H249,Bạn đang miêu tả bản thân hay đang tự bỏ bùa chính mình?,Gentle,Gentle,REJECT,Không dùng,Không dùng,—,Spiritual,Quá spiritual / Lệch voice chị Hiền,Không dùng,Không dùng cho chị Hiền.,—,Voice chị Hiền không dùng spiritual / linh hồn / vũ trụ. REJECT.
H250,Bạn có muốn thử gọi tên mình bằng một câu chuyện mới?,Inspirational,Inspirational,PASS,30 bài đầu,D8-D14,Short FB / Reel 60s,Câu hỏi nội tâm,Hợp,Giữ nguyên hoặc làm mềm nhẹ,Bạn có muốn thử gọi tên mình bằng một câu chuyện mới?,"Tự soi, sống thật, lựa chọn cuộc đời","Có thể dùng gần nguyên, vẫn cần bám insight thật."
H251,"Bạn không lười thay đổi, bạn sợ mất đi bản sắc cũ.",Insightful,Insightful,PASS,30 bài đầu,D1-D7,Short FB / Reel 60s,Reflective insight,Hợp,Giữ nguyên hoặc làm mềm nhẹ,"Bạn không lười thay đổi, bạn sợ mất đi bản sắc cũ.","Bình yên, kiệt sức, ranh giới cảm xúc","Có thể dùng gần nguyên, vẫn cần bám insight thật."
H252,"Bạn có sợ người ta nói 'khác quá rồi, không nhận ra nữa'?",Reflective,Reflective,PASS,30 bài đầu,D8-D14,Short FB / Reel 60s,Câu hỏi nội tâm,Hợp,Giữ nguyên hoặc làm mềm nhẹ,"Bạn có sợ người ta nói 'khác quá rồi, không nhận ra nữa'?","Tự soi, sống thật, lựa chọn cuộc đời","Có thể dùng gần nguyên, vẫn cần bám insight thật."
H253,"Nếu thay đổi làm một số người rời đi, bạn có dám chấp nhận?",Confrontational,Confrontational,ADAPT,30 bài đầu,D8-D14,Short FB / Reel 60s,Câu hỏi nội tâm,Hơi gắt,Làm mềm: đổi ngôi bạn → mình + đổi structure chất vấn → mời quan sát,"Nếu thay đổi làm một số người rời đi, bạn có dám chấp nhận?","Tự soi, sống thật, lựa chọn cuộc đời",Á tốt nhưng cần làm mềm để không phán xét/coachy. Áp đầy đủ Rule #2 (đổi ngôi + structure).
H254,"Bạn giữ họ lại, hay giữ chính mình lại?",Gentle,Gentle,PASS,30 bài đầu,D8-D14,Short FB / Reel 60s,Câu hỏi nội tâm,Hợp,Giữ nguyên hoặc làm mềm nhẹ,"Bạn giữ họ lại, hay giữ chính mình lại?","Tự soi, sống thật, lựa chọn cuộc đời","Có thể dùng gần nguyên, vẫn cần bám insight thật."
H255,Bạn có đang giả vờ bé nhỏ để không làm ai khó chịu?,Inspirational,Inspirational,PASS,30 bài đầu,D8-D14,Short FB / Reel 60s,Câu hỏi nội tâm,Hợp,Giữ nguyên hoặc làm mềm nhẹ,Bạn có đang giả vờ bé nhỏ để không làm ai khó chịu?,"Tự soi, sống thật, lựa chọn cuộc đời","Có thể dùng gần nguyên, vẫn cần bám insight thật."
H256,Bạn có dám cho phép mình trở nên 'quá nhiều' theo tiêu chuẩn của họ?,Insightful,Confrontational,ADAPT,30 bài đầu,D8-D14,Short FB / Reel 60s,Câu hỏi nội tâm,Hơi gắt,Làm mềm: đổi ngôi bạn → mình + đổi structure chất vấn → mời quan sát,Có khi bạn có dám cho phép mình trở nên 'quá nhiều' theo tiêu chuẩn của họ?,"Tự soi, sống thật, lựa chọn cuộc đời",Á tốt nhưng cần làm mềm để không phán xét/coachy. Áp đầy đủ Rule #2 (đổi ngôi + structure).
H257,Bạn đang sống cho ai cảm thấy dễ chịu với sự hiện diện của bạn?,Reflective,Reflective,PASS,30 bài đầu,D8-D14,Short FB / Reel 60s,Câu hỏi nội tâm,Hợp,Giữ nguyên hoặc làm mềm nhẹ,Bạn đang sống cho ai cảm thấy dễ chịu với sự hiện diện của bạn?,"Tự soi, sống thật, lựa chọn cuộc đời","Có thể dùng gần nguyên, vẫn cần bám insight thật."
H258,"Nếu không phải chứng minh điều gì, bạn sẽ là ai?",Confrontational,Confrontational,ADAPT,30 bài đầu,D8-D14,Short FB / Reel 60s,Câu hỏi nội tâm,Hơi gắt,Làm mềm: đổi ngôi bạn → mình + đổi structure chất vấn → mời quan sát,"Nếu không phải chứng minh điều gì, bạn sẽ là ai?","Tự soi, sống thật, lựa chọn cuộc đời",Á tốt nhưng cần làm mềm để không phán xét/coachy. Áp đầy đủ Rule #2 (đổi ngôi + structure).
H259,"Bạn có đang sống để không bị ghét, thay vì sống để tự tôn trọng mình?",Gentle,Gentle,PASS,30 bài đầu,D8-D14,Short FB / Reel 60s,Câu hỏi nội tâm,Hợp,Giữ nguyên hoặc làm mềm nhẹ,"Bạn có đang sống để không bị ghét, thay vì sống để tự tôn trọng mình?","Ranh giới, quan hệ, năng lượng xung quanh","Có thể dùng gần nguyên, vẫn cần bám insight thật."
H260,Bạn dám đánh đổi hình ảnh 'ngoan' để đổi lấy cuộc đời 'thật' không?,Inspirational,Inspirational,PASS,30 bài đầu,D8-D14,Short FB / Reel 60s,Câu hỏi nội tâm,Hợp,Giữ nguyên hoặc làm mềm nhẹ,Bạn dám đánh đổi hình ảnh 'ngoan' để đổi lấy cuộc đời 'thật' không?,"Tự soi, sống thật, lựa chọn cuộc đời","Có thể dùng gần nguyên, vẫn cần bám insight thật."
H261,"Bạn không phải 'cố mạnh mẽ', bạn được phép cần người khác.",Insightful,Insightful,PASS,30 bài đầu,D1-D7,Short FB / Reel 60s,Reflective insight,Hợp,Giữ nguyên hoặc làm mềm nhẹ,"Bạn không phải 'cố mạnh mẽ', bạn được phép cần người khác.","Bình yên, kiệt sức, ranh giới cảm xúc","Có thể dùng gần nguyên, vẫn cần bám insight thật."
H262,"Bạn có đang gồng làm trụ cột cho tất cả, trừ chính mình?",Reflective,Reflective,PASS,30 bài đầu,D1-D7,Short FB / Reel 60s,Câu hỏi nội tâm,Hợp,Giữ nguyên hoặc làm mềm nhẹ,"Bạn có đang gồng làm trụ cột cho tất cả, trừ chính mình?","Bình yên, kiệt sức, ranh giới cảm xúc","Có thể dùng gần nguyên, vẫn cần bám insight thật."
H263,Bạn đã quen với việc tự cứu mình đến mức quên nhờ ai đó nắm tay?,Confrontational,Confrontational,ADAPT,30 bài đầu,D1-D7,Short FB / Reel 60s,Câu hỏi nội tâm,Hơi gắt,Làm mềm: đổi ngôi bạn → mình + đổi structure chất vấn → mời quan sát,Có khi bạn đã quen với việc tự cứu mình đến mức quên nhờ ai đó nắm tay?,"Bình yên, kiệt sức, ranh giới cảm xúc",Á tốt nhưng cần làm mềm để không phán xét/coachy. Áp đầy đủ Rule #2 (đổi ngôi + structure).
H264,Bạn có nhớ lần cuối mình để người khác giúp thật sự là khi nào?,Gentle,Gentle,PASS,30 bài đầu,D8-D14,Short FB / Reel 60s,Câu hỏi nội tâm,Hợp,Giữ nguyên hoặc làm mềm nhẹ,Bạn có nhớ lần cuối mình để người khác giúp thật sự là khi nào?,"Tự soi, sống thật, lựa chọn cuộc đời","Có thể dùng gần nguyên, vẫn cần bám insight thật."
H265,Bạn có đang tin rằng 'chỉ có mình mới lo cho mình được'?,Inspirational,Inspirational,PASS,30 bài đầu,D8-D14,Short FB / Reel 60s,Câu hỏi nội tâm,Hợp,Giữ nguyên hoặc làm mềm nhẹ,Bạn có đang tin rằng 'chỉ có mình mới lo cho mình được'?,"Tự soi, sống thật, lựa chọn cuộc đời","Có thể dùng gần nguyên, vẫn cần bám insight thật."
H266,Bạn có một với niềm tin đó chưa?,Insightful,Insightful,PASS,30 bài đầu,D8-D14,Short FB / Reel 60s,Câu hỏi nội tâm,Hợp,Giữ nguyên hoặc làm mềm nhẹ,Bạn có một với niềm tin đó chưa?,"Tự soi, sống thật, lựa chọn cuộc đời","Có thể dùng gần nguyên, vẫn cần bám insight thật."
H267,Bạn có dám buông bớt kiểm soát để cho phép cuộc đời hỗ trợ mình?,Reflective,Confrontational,ADAPT,30 bài đầu,D1-D7,Short FB / Reel 60s,Câu hỏi nội tâm,Hơi gắt,Làm mềm: đổi ngôi bạn → mình + đổi structure chất vấn → mời quan sát,Có khi bạn có dám buông bớt kiểm soát để cho phép cuộc đời hỗ trợ mình?,"Bình yên, kiệt sức, ranh giới cảm xúc",Á tốt nhưng cần làm mềm để không phán xét/coachy. Áp đầy đủ Rule #2 (đổi ngôi + structure).
H268,Bạn có phải lúc nào cũng là người hiểu chuyện trong mọi câu chuyện?,Confrontational,Confrontational,ADAPT,30 bài đầu,D8-D14,Short FB / Reel 60s,Câu hỏi nội tâm,Hơi gắt,Làm mềm: đổi ngôi bạn → mình + đổi structure chất vấn → mời quan sát,Có khi bạn có phải lúc nào cũng là người hiểu chuyện trong mọi câu chuyện?,"Tự soi, sống thật, lựa chọn cuộc đời",Á tốt nhưng cần làm mềm để không phán xét/coachy. Áp đầy đủ Rule #2 (đổi ngôi + structure).
H269,"Bạn có cho phép mình cũng được yếu, được sai, được vụn vỡ không?",Gentle,Gentle,PASS,30 bài đầu,D8-D14,Short FB / Reel 60s,Câu hỏi nội tâm,Hợp,Giữ nguyên hoặc làm mềm nhẹ,"Bạn có cho phép mình cũng được yếu, được sai, được vụn vỡ không?","Tự soi, sống thật, lựa chọn cuộc đời","Có thể dùng gần nguyên, vẫn cần bám insight thật."
H270,"Bạn có đang cho đi để được thương, hay vì bạn thật sự muốn cho?",Inspirational,Inspirational,PASS,30 bài đầu,D8-D14,Short FB / Reel 60s,Câu hỏi nội tâm,Hợp,Giữ nguyên hoặc làm mềm nhẹ,"Bạn có đang cho đi để được thương, hay vì bạn thật sự muốn cho?","Tự soi, sống thật, lựa chọn cuộc đời","Có thể dùng gần nguyên, vẫn cần bám insight thật."
H271,"Bạn không cần 'reset', bạn cần thành thật với bản thân lần đầu tiên.",Insightful,Insightful,PASS,30 bài đầu,D1-D7,Long FB / Reel 90-120s,Reflective insight,Hợp,Giữ nguyên hoặc làm mềm nhẹ,"Bạn không cần 'reset', bạn cần thành thật với bản thân lần đầu tiên.","Bình yên, kiệt sức, ranh giới cảm xúc","Có thể dùng gần nguyên, vẫn cần bám insight thật."
H272,"Bạn có đang chờ năm mới để đổi, thay vì đổi ngay từ hôm nay?",Reflective,Reflective,PASS,30 bài đầu,D8-D14,Short FB / Reel 60s,Câu hỏi nội tâm,Hợp,Giữ nguyên hoặc làm mềm nhẹ,"Bạn có đang chờ năm mới để đổi, thay vì đổi ngay từ hôm nay?","Tự soi, sống thật, lựa chọn cuộc đời","Có thể dùng gần nguyên, vẫn cần bám insight thật."
H273,"Nếu một ngày không còn lý do nào để trì hoãn, bạn sẽ bắt đầu từ đâu?",Confrontational,Gentle,PASS,30 bài đầu,D8-D14,Short FB / Reel 60s,Câu hỏi nội tâm,Hợp,Giữ nguyên hoặc làm mềm nhẹ,"Nếu một ngày không còn lý do nào để trì hoãn, bạn sẽ bắt đầu từ đâu?","Tự soi, sống thật, lựa chọn cuộc đời","Có thể dùng gần nguyên, vẫn cần bám insight thật."
H274,Bạn có đang chờ cảm hứng để làm điều cần kỷ luật?,Gentle,Gentle,PASS,30 bài đầu,D1-D7,Short FB / Reel 60s,Câu hỏi nội tâm,Hợp,Giữ nguyên hoặc làm mềm nhẹ,Bạn có đang chờ cảm hứng để làm điều cần kỷ luật?,"Bình yên, kiệt sức, ranh giới cảm xúc","Có thể dùng gần nguyên, vẫn cần bám insight thật."
H275,"Bạn có thấy mình luôn giỏi khởi động, nhưng kém phần duy trì?",Inspirational,Inspirational,PASS,30 bài đầu,D8-D14,Short FB / Reel 60s,Câu hỏi nội tâm,Hợp,Giữ nguyên hoặc làm mềm nhẹ,"Bạn có thấy mình luôn giỏi khởi động, nhưng kém phần duy trì?","Tự soi, sống thật, lựa chọn cuộc đời","Có thể dùng gần nguyên, vẫn cần bám insight thật."
H276,Bạn cần thêm động lực hay cần bớt phân tâm?,Insightful,Insightful,PASS,30 bài đầu,D8-D14,Short FB / Reel 60s,Câu hỏi nội tâm,Hợp,Giữ nguyên hoặc làm mềm nhẹ,Bạn cần thêm động lực hay cần bớt phân tâm?,"Tự soi, sống thật, lựa chọn cuộc đời","Có thể dùng gần nguyên, vẫn cần bám insight thật."
H277,Bạn dám chọn nhàm chán trong kỷ luật để đổi lấy cuộc đời thú vị chứ?,Reflective,Confrontational,ADAPT,30 bài đầu,D1-D7,Short FB / Reel 60s,Câu hỏi nội tâm,Hơi gắt,Làm mềm: đổi ngôi bạn → mình + đổi structure chất vấn → mời quan sát,Có khi bạn dám chọn nhàm chán trong kỷ luật để đổi lấy cuộc đời thú vị chứ?,"Bình yên, kiệt sức, ranh giới cảm xúc",Á tốt nhưng cần làm mềm để không phán xét/coachy. Áp đầy đủ Rule #2 (đổi ngôi + structure).
H278,Bạn có đang nghiện drama hơn là nghiện sự bình thường của tiến bộ?,Confrontational,Confrontational,ADAPT,30 bài đầu,D8-D14,Short FB / Reel 60s,Câu hỏi nội tâm,Hơi gắt,Làm mềm: đổi ngôi bạn → mình + đổi structure chất vấn → mời quan sát,Có khi bạn có đang nghiện drama hơn là nghiện sự bình thường của tiến bộ?,"Tự soi, sống thật, lựa chọn cuộc đời",Á tốt nhưng cần làm mềm để không phán xét/coachy. Áp đầy đủ Rule #2 (đổi ngôi + structure).
H279,Bạn có dám chấp nhận rằng tự do là kết quả của kỷ luật?,Gentle,Confrontational,ADAPT,30 bài đầu,D1-D7,Short FB / Reel 60s,Câu hỏi nội tâm,Hơi gắt,Làm mềm: đổi ngôi bạn → mình + đổi structure chất vấn → mời quan sát,Có khi bạn có dám chấp nhận rằng tự do là kết quả của kỷ luật?,"Bình yên, kiệt sức, ranh giới cảm xúc",Á tốt nhưng cần làm mềm để không phán xét/coachy. Áp đầy đủ Rule #2 (đổi ngôi + structure).
H280,Bạn có kế hoạch cho phiên bản tiếp theo của mình chưa?,Inspirational,Inspirational,PASS,30 bài đầu,D8-D14,Short FB / Reel 60s,Câu hỏi nội tâm,Hợp,Giữ nguyên hoặc làm mềm nhẹ,Bạn có kế hoạch cho phiên bản tiếp theo của mình chưa?,"Giá trị bản thân, bản sắc, thay đổi","Có thể dùng gần nguyên, vẫn cần bám insight thật."
H281,"Bạn không cần một cuộc đời hoàn hảo, bạn cần một cuộc đời đúng.",Insightful,Insightful,PASS,30 bài đầu,D1-D7,Long FB / Reel 90-120s,Reflective insight,Hợp,Giữ nguyên hoặc làm mềm nhẹ,"Bạn không cần một cuộc đời hoàn hảo, bạn cần một cuộc đời đúng.","Bình yên, kiệt sức, ranh giới cảm xúc","Có thể dùng gần nguyên, vẫn cần bám insight thật."
H282,Bạn có đang chi nhiều năng lượng để bảo vệ hình ảnh hơn là bảo vệ bình an?,Reflective,Reflective,PASS,30 bài đầu,D1-D7,Short FB / Reel 60s,Câu hỏi nội tâm,Hợp,Giữ nguyên hoặc làm mềm nhẹ,Bạn có đang chi nhiều năng lượng để bảo vệ hình ảnh hơn là bảo vệ bình an?,"Bình yên, kiệt sức, ranh giới cảm xúc","Có thể dùng gần nguyên, vẫn cần bám insight thật."
H283,"Thành công lý tưởng của bạn trông như thế nào, nếu bỏ hết ảnh Instagram?",Confrontational,Confrontational,ADAPT,30 bài đầu,D22-D30,Short FB / Reel 60s,Câu hỏi nội tâm,Hơi gắt,Làm mềm: đổi ngôi bạn → mình + đổi structure chất vấn → mời quan sát,"Thành công lý tưởng của bạn trông như thế nào, nếu bỏ hết ảnh Instagram?","Công việc, tự do, kỷ luật, nhịp sống",Á tốt nhưng cần làm mềm để không phán xét/coachy. Áp đầy đủ Rule #2 (đổi ngôi + structure).
H284,"Nếu không còn mạng xã hội, bạn sẽ đo hạnh phúc bằng gì?",Gentle,Gentle,PASS,30 bài đầu,D8-D14,Short FB / Reel 60s,Câu hỏi nội tâm,Hợp,Giữ nguyên hoặc làm mềm nhẹ,"Nếu không còn mạng xã hội, bạn sẽ đo hạnh phúc bằng gì?","Tự soi, sống thật, lựa chọn cuộc đời","Có thể dùng gần nguyên, vẫn cần bám insight thật."
H285,Bạn có đang thiết kế cuộc đời hay chỉ đang thiết kế feed?,Inspirational,Inspirational,PASS,30 bài đầu,D8-D14,Short FB / Reel 60s,Câu hỏi nội tâm,Hợp,Giữ nguyên hoặc làm mềm nhẹ,Bạn có đang thiết kế cuộc đời hay chỉ đang thiết kế feed?,"Tự soi, sống thật, lựa chọn cuộc đời","Có thể dùng gần nguyên, vẫn cần bám insight thật."
H286,Bạn đang nghiện dopamine tức thời hay chọn hạnh phúc bền hơn?,Insightful,Insightful,PASS,30 bài đầu,D8-D14,Short FB / Reel 60s,Câu hỏi nội tâm,Hợp,Giữ nguyên hoặc làm mềm nhẹ,Bạn đang nghiện dopamine tức thời hay chọn hạnh phúc bền hơn?,"Tự soi, sống thật, lựa chọn cuộc đời","Có thể dùng gần nguyên, vẫn cần bám insight thật."
H287,Bạn có đang so sánh hậu trường của mình với highlight của người khác?,Reflective,Reflective,PASS,30 bài đầu,D1-D7,Short FB / Reel 60s,Câu hỏi nội tâm,Hợp,Giữ nguyên hoặc làm mềm nhẹ,Bạn có đang so sánh hậu trường của mình với highlight của người khác?,"Bình yên, kiệt sức, ranh giới cảm xúc","Có thể dùng gần nguyên, vẫn cần bám insight thật."
H288,Bạn có dám sống một cuộc đời bình thường nhưng trọn vẹn?,Confrontational,Confrontational,ADAPT,30 bài đầu,D8-D14,Short FB / Reel 60s,Câu hỏi nội tâm,Hơi gắt,Làm mềm: đổi ngôi bạn → mình + đổi structure chất vấn → mời quan sát,Có khi bạn có dám sống một cuộc đời bình thường nhưng trọn vẹn?,"Tự soi, sống thật, lựa chọn cuộc đời",Á tốt nhưng cần làm mềm để không phán xét/coachy. Áp đầy đủ Rule #2 (đổi ngôi + structure).
H289,"Bạn cần thêm thành công, hay cần thêm sự hiện diện với chính mình?",Gentle,Gentle,PASS,30 bài đầu,D22-D30,Short FB / Reel 60s,Câu hỏi nội tâm,Hợp,Giữ nguyên hoặc làm mềm nhẹ,"Bạn cần thêm thành công, hay cần thêm sự hiện diện với chính mình?","Công việc, tự do, kỷ luật, nhịp sống","Có thể dùng gần nguyên, vẫn cần bám insight thật."
H290,Bạn có đang hy sinh hiện tại cho một tương lai mà bạn chưa từng định nghĩa rõ?,Inspirational,Inspirational,PASS,30 bài đầu,D1-D7,Short FB / Reel 60s,Câu hỏi nội tâm,Hợp,Giữ nguyên hoặc làm mềm nhẹ,Bạn có đang hy sinh hiện tại cho một tương lai mà bạn chưa từng định nghĩa rõ?,"Bình yên, kiệt sức, ranh giới cảm xúc","Có thể dùng gần nguyên, vẫn cần bám insight thật."
H291,"Bạn không thiếu câu trả lời, bạn thiếu những câu hỏi đúng.",Insightful,Insightful,PASS,30 bài đầu,D8-D14,Short FB / Reel 60s,Reflective insight,Hợp,Giữ nguyên hoặc làm mềm nhẹ,"Bạn không thiếu câu trả lời, bạn thiếu những câu hỏi đúng.","Tự soi, sống thật, lựa chọn cuộc đời","Có thể dùng gần nguyên, vẫn cần bám insight thật."
H292,"Nếu cuộc đời là một phiên coaching, bạn sẽ hỏi mình điều gì?",Reflective,Gentle,PASS,30 bài đầu,D8-D14,Short FB / Reel 60s,Câu hỏi nội tâm,Hợp,Giữ nguyên hoặc làm mềm nhẹ,"Nếu cuộc đời là một phiên coaching, bạn sẽ hỏi mình điều gì?","Tự soi, sống thật, lựa chọn cuộc đời","Có thể dùng gần nguyên, vẫn cần bám insight thật."
H293,"Bạn có đang hỏi 'tại sao là mình?', thay vì 'mình học được gì?'",Confrontational,Confrontational,ADAPT,30 bài đầu,D8-D14,Short FB / Reel 60s,Reflective insight,Hơi gắt,Làm mềm: đổi ngôi bạn → mình + đổi structure chất vấn → mời quan sát,"Có khi bạn có đang hỏi 'tại sao là mình?', thay vì 'mình học được gì?'","Tự soi, sống thật, lựa chọn cuộc đời",Á tốt nhưng cần làm mềm để không phán xét/coachy. Áp đầy đủ Rule #2 (đổi ngôi + structure).
H294,Bạn có dám hỏi: 'Mình đang góp phần tạo ra điều này như thế nào?',Gentle,Confrontational,ADAPT,30 bài đầu,D8-D14,Short FB / Reel 60s,Reflective insight,Hơi gắt,Làm mềm: đổi ngôi bạn → mình + đổi structure chất vấn → mời quan sát,Có khi bạn có dám hỏi: 'Mình đang góp phần tạo ra điều này như thế nào?',"Tự soi, sống thật, lựa chọn cuộc đời",Á tốt nhưng cần làm mềm để không phán xét/coachy. Áp đầy đủ Rule #2 (đổi ngôi + structure).
H295,"Nếu bạn là client của chính mình, bạn sẽ nói gì với mình?",Inspirational,Gentle,PASS,30 bài đầu,D8-D14,Short FB / Reel 60s,Câu hỏi nội tâm,Hợp,Giữ nguyên hoặc làm mềm nhẹ,"Nếu bạn là client của chính mình, bạn sẽ nói gì với mình?","Tự soi, sống thật, lựa chọn cuộc đời","Có thể dùng gần nguyên, vẫn cần bám insight thật."
H296,Bạn có dám hỏi: 'Cuộc đời này muốn mình trở thành ai?',Insightful,Confrontational,ADAPT,30 bài đầu,D8-D14,Short FB / Reel 60s,Reflective insight,Hơi gắt,Làm mềm: đổi ngôi bạn → mình + đổi structure chất vấn → mời quan sát,Có khi bạn có dám hỏi: 'Cuộc đời này muốn mình trở thành ai?',"Tự soi, sống thật, lựa chọn cuộc đời",Á tốt nhưng cần làm mềm để không phán xét/coachy. Áp đầy đủ Rule #2 (đổi ngôi + structure).
H297,"Bạn đang hỏi 'làm sao', hay đã rõ 'tại sao'?",Reflective,Confrontational,ADAPT,30 bài đầu,D8-D14,Short FB / Reel 60s,Câu hỏi nội tâm,Hơi gắt,Làm mềm: đổi ngôi bạn → mình + đổi structure chất vấn → mời quan sát,"Có khi bạn đang hỏi 'làm sao', hay đã rõ 'tại sao'?","Tự soi, sống thật, lựa chọn cuộc đời",Á tốt nhưng cần làm mềm để không phán xét/coachy. Áp đầy đủ Rule #2 (đổi ngôi + structure).
H298,Bạn có dám hỏi: 'Sự thật mình đang trốn là gì?',Confrontational,Confrontational,ADAPT,30 bài đầu,D1-D7,Short FB / Reel 60s,Reflective insight,Hơi gắt,Làm mềm: đổi ngôi bạn → mình + đổi structure chất vấn → mời quan sát,Có khi bạn có dám hỏi: 'Sự thật mình đang trốn là gì?',"Bình yên, kiệt sức, ranh giới cảm xúc",Á tốt nhưng cần làm mềm để không phán xét/coachy. Áp đầy đủ Rule #2 (đổi ngôi + structure).
H299,"Bạn có dám nghe câu trả lời, ngay cả khi nó bất tiện?",Gentle,Confrontational,ADAPT,30 bài đầu,D8-D14,Short FB / Reel 60s,Câu hỏi nội tâm,Hơi gắt,Làm mềm: đổi ngôi bạn → mình + đổi structure chất vấn → mời quan sát,"Có khi bạn có dám nghe câu trả lời, ngay cả khi nó bất tiện?","Tự soi, sống thật, lựa chọn cuộc đời",Á tốt nhưng cần làm mềm để không phán xét/coachy. Áp đầy đủ Rule #2 (đổi ngôi + structure).
H300,"Nếu chỉ được hỏi một câu mỗi ngày, bạn sẽ hỏi gì bản thân?",Inspirational,Confrontational,ADAPT,30 bài đầu,D8-D14,Short FB / Reel 60s,Câu hỏi nội tâm,Hơi gắt,Làm mềm: đổi ngôi bạn → mình + đổi structure chất vấn → mời quan sát,"Nếu chỉ được hỏi một câu mỗi ngày, bạn sẽ hỏi gì bản thân?","Tự soi, sống thật, lựa chọn cuộc đời",Á tốt nhưng cần làm mềm để không phán xét/coachy. Áp đầy đủ Rule #2 (đổi ngôi + structure).
H301,"Bạn không cần làm nhiều việc hơn, bạn cần làm đúng việc hơn.",Insightful,Insightful,PASS,30 bài đầu,D8-D14,Long FB / Reel 90-120s,Reflective insight,Hợp,Giữ nguyên hoặc làm mềm nhẹ,"Bạn không cần làm nhiều việc hơn, bạn cần làm đúng việc hơn.","Tự soi, sống thật, lựa chọn cuộc đời","Có thể dùng gần nguyên, vẫn cần bám insight thật."
H302,Danh sách to-do của bạn đang phục vụ điều gì trong dài hạn?,Reflective,Reflective,PASS,30 bài đầu,D8-D14,Short FB / Reel 60s,Câu hỏi nội tâm,Hợp,Giữ nguyên hoặc làm mềm nhẹ,Danh sách to-do của bạn đang phục vụ điều gì trong dài hạn?,"Tự soi, sống thật, lựa chọn cuộc đời","Có thể dùng gần nguyên, vẫn cần bám insight thật."
H303,Bạn có đang làm việc như người chữa cháy hay như người kiến trúc sư?,Confrontational,Confrontational,ADAPT,30 bài đầu,D8-D14,Short FB / Reel 60s,Câu hỏi nội tâm,Hơi gắt,Làm mềm: đổi ngôi bạn → mình + đổi structure chất vấn → mời quan sát,Có khi bạn có đang làm việc như người chữa cháy hay như người kiến trúc sư?,"Tự soi, sống thật, lựa chọn cuộc đời",Á tốt nhưng cần làm mềm để không phán xét/coachy. Áp đầy đủ Rule #2 (đổi ngôi + structure).
H304,"Bạn dành bao nhiêu thời gian cho việc quan trọng, không khẩn cấp?",Gentle,Gentle,PASS,30 bài đầu,D8-D14,Short FB / Reel 60s,Câu hỏi nội tâm,Hợp,Giữ nguyên hoặc làm mềm nhẹ,"Bạn dành bao nhiêu thời gian cho việc quan trọng, không khẩn cấp?","Tự soi, sống thật, lựa chọn cuộc đời","Có thể dùng gần nguyên, vẫn cần bám insight thật."
H305,Bạn có đang bận tới mức không kịp sống?,Inspirational,Inspirational,PASS,30 bài đầu,D8-D14,Short FB / Reel 60s,Câu hỏi nội tâm,Hợp,Giữ nguyên hoặc làm mềm nhẹ,Bạn có đang bận tới mức không kịp sống?,"Tự soi, sống thật, lựa chọn cuộc đời","Có thể dùng gần nguyên, vẫn cần bám insight thật."
H306,"Nếu chỉ được hoàn thành 3 việc mỗi ngày, bạn sẽ chọn gì?",Insightful,Confrontational,ADAPT,30 bài đầu,D22-D30,Short FB / Reel 60s,Câu hỏi nội tâm,Hơi gắt,Làm mềm: đổi ngôi bạn → mình + đổi structure chất vấn → mời quan sát,"Nếu chỉ được hoàn thành 3 việc mỗi ngày, bạn sẽ chọn gì?","Công việc, tự do, kỷ luật, nhịp sống",Á tốt nhưng cần làm mềm để không phán xét/coachy. Áp đầy đủ Rule #2 (đổi ngôi + structure).
H307,Bạn có đang làm việc vì sợ cảm giác 'lỡ dở'?,Reflective,Reflective,PASS,30 bài đầu,D8-D14,Short FB / Reel 60s,Câu hỏi nội tâm,Hợp,Giữ nguyên hoặc làm mềm nhẹ,Bạn có đang làm việc vì sợ cảm giác 'lỡ dở'?,"Tự soi, sống thật, lựa chọn cuộc đời","Có thể dùng gần nguyên, vẫn cần bám insight thật."
H308,Bạn có đang cho rằng 'bận' là thước đo giá trị bản thân?,Confrontational,Confrontational,ADAPT,30 bài đầu,D8-D14,Short FB / Reel 60s,Câu hỏi nội tâm,Hơi gắt,Làm mềm: đổi ngôi bạn → mình + đổi structure chất vấn → mời quan sát,Có khi bạn có đang cho rằng 'bận' là thước đo giá trị bản thân?,"Tự soi, sống thật, lựa chọn cuộc đời",Á tốt nhưng cần làm mềm để không phán xét/coachy. Áp đầy đủ Rule #2 (đổi ngôi + structure).
H309,Bạn có dám nhẹ lịch mà nặng chất lượng cuộc sống không?,Gentle,Confrontational,ADAPT,30 bài đầu,D8-D14,Short FB / Reel 60s,Câu hỏi nội tâm,Hơi gắt,Làm mềm: đổi ngôi bạn → mình + đổi structure chất vấn → mời quan sát,Có khi bạn có dám nhẹ lịch mà nặng chất lượng cuộc sống không?,"Tự soi, sống thật, lựa chọn cuộc đời",Á tốt nhưng cần làm mềm để không phán xét/coachy. Áp đầy đủ Rule #2 (đổi ngôi + structure).
H310,Bạn có đang tối ưu cho năng suất hay cho ý nghĩa?,Inspirational,Inspirational,PASS,30 bài đầu,D22-D30,Short FB / Reel 60s,Câu hỏi nội tâm,Hợp,Giữ nguyên hoặc làm mềm nhẹ,Bạn có đang tối ưu cho năng suất hay cho ý nghĩa?,"Công việc, tự do, kỷ luật, nhịp sống","Có thể dùng gần nguyên, vẫn cần bám insight thật."
H311,Bạn không phải chọn giữa giàu có và tử tế.,Insightful,Insightful,PASS,30 bài đầu,D22-D30,Short FB / Reel 60s,Reflective insight,Hợp,Giữ nguyên hoặc làm mềm nhẹ,Bạn không phải chọn giữa giàu có và tử tế.,"Công việc, tự do, kỷ luật, nhịp sống","Có thể dùng gần nguyên, vẫn cần bám insight thật."
H312,Bạn có đang tin rằng tiền và tử tế không đi chung?,Reflective,Reflective,PASS,30 bài đầu,D22-D30,Short FB / Reel 60s,Câu hỏi nội tâm,Hợp,Giữ nguyên hoặc làm mềm nhẹ,Bạn có đang tin rằng tiền và tử tế không đi chung?,"Công việc, tự do, kỷ luật, nhịp sống","Có thể dùng gần nguyên, vẫn cần bám insight thật."
H313,Bạn nghĩ sao nếu người sâu sắc cũng có thể rất giàu?,Confrontational,Confrontational,ADAPT,30 bài đầu,D22-D30,Short FB / Reel 60s,Câu hỏi nội tâm,Hơi gắt,Làm mềm: đổi ngôi bạn → mình + đổi structure chất vấn → mời quan sát,Có khi bạn nghĩ sao nếu người sâu sắc cũng có thể rất giàu?,"Công việc, tự do, kỷ luật, nhịp sống",Á tốt nhưng cần làm mềm để không phán xét/coachy. Áp đầy đủ Rule #2 (đổi ngôi + structure).
H314,Bạn có đang vô thức ghét tiền vì những người dùng nó sai cách?,Gentle,Gentle,PASS,30 bài đầu,D22-D30,Short FB / Reel 60s,Câu hỏi nội tâm,Hợp,Giữ nguyên hoặc làm mềm nhẹ,Bạn có đang vô thức ghét tiền vì những người dùng nó sai cách?,"Công việc, tự do, kỷ luật, nhịp sống","Có thể dùng gần nguyên, vẫn cần bám insight thật."
H315,"Bạn có đang từ chối tiền, trong khi mong muốn tự do?",Inspirational,Inspirational,PASS,30 bài đầu,D22-D30,Short FB / Reel 60s,Câu hỏi nội tâm,Hợp,Giữ nguyên hoặc làm mềm nhẹ,"Bạn có đang từ chối tiền, trong khi mong muốn tự do?","Công việc, tự do, kỷ luật, nhịp sống","Có thể dùng gần nguyên, vẫn cần bám insight thật."
H316,"Nếu tiền chỉ khuếch đại bản chất, bạn muốn khuếch đại điều gì?",Insightful,Gentle,PASS,30 bài đầu,D22-D30,Short FB / Reel 60s,Câu hỏi nội tâm,Hợp,Giữ nguyên hoặc làm mềm nhẹ,"Nếu tiền chỉ khuếch đại bản chất, bạn muốn khuếch đại điều gì?","Công việc, tự do, kỷ luật, nhịp sống","Có thể dùng gần nguyên, vẫn cần bám insight thật."
H317,Bạn có dám trở nên giàu có theo cách làm bạn tự hào?,Reflective,Confrontational,ADAPT,30 bài đầu,D22-D30,Short FB / Reel 60s,Câu hỏi nội tâm,Hơi gắt,Làm mềm: đổi ngôi bạn → mình + đổi structure chất vấn → mời quan sát,Có khi bạn có dám trở nên giàu có theo cách làm bạn tự hào?,"Công việc, tự do, kỷ luật, nhịp sống",Á tốt nhưng cần làm mềm để không phán xét/coachy. Áp đầy đủ Rule #2 (đổi ngôi + structure).
H318,Bạn có đang đòi hỏi mình 'cao thượng' để né đối diện với nỗi sợ về tiền?,Confrontational,Confrontational,ADAPT,30 bài đầu,D22-D30,Short FB / Reel 60s,Câu hỏi nội tâm,Hơi gắt,Làm mềm: đổi ngôi bạn → mình + đổi structure chất vấn → mời quan sát,Có khi bạn có đang đòi hỏi mình 'cao thượng' để né đối diện với nỗi sợ về tiền?,"Công việc, tự do, kỷ luật, nhịp sống",Á tốt nhưng cần làm mềm để không phán xét/coachy. Áp đầy đủ Rule #2 (đổi ngôi + structure).
H319,Bạn có dám tin rằng hạnh phúc và tiền bạc có thể cùng tồn tại?,Gentle,Confrontational,ADAPT,30 bài đầu,D22-D30,Short FB / Reel 60s,Câu hỏi nội tâm,Hơi gắt,Làm mềm: đổi ngôi bạn → mình + đổi structure chất vấn → mời quan sát,Có khi bạn có dám tin rằng hạnh phúc và tiền bạc có thể cùng tồn tại?,"Công việc, tự do, kỷ luật, nhịp sống",Á tốt nhưng cần làm mềm để không phán xét/coachy. Áp đầy đủ Rule #2 (đổi ngôi + structure).
H320,Bạn có đang bắt tiền làm cái cớ cho mọi thứ mình chưa dám làm?,Inspirational,Inspirational,PASS,30 bài đầu,D22-D30,Short FB / Reel 60s,Câu hỏi nội tâm,Hợp,Giữ nguyên hoặc làm mềm nhẹ,Bạn có đang bắt tiền làm cái cớ cho mọi thứ mình chưa dám làm?,"Công việc, tự do, kỷ luật, nhịp sống","Có thể dùng gần nguyên, vẫn cần bám insight thật."
H321,"Bạn không cần bỏ hết mọi thứ, bạn cần đặt lại thứ tự ưu tiên.",Insightful,Insightful,PASS,30 bài đầu,D8-D14,Long FB / Reel 90-120s,Reflective insight,Hợp,Giữ nguyên hoặc làm mềm nhẹ,"Bạn không cần bỏ hết mọi thứ, bạn cần đặt lại thứ tự ưu tiên.","Tự soi, sống thật, lựa chọn cuộc đời","Có thể dùng gần nguyên, vẫn cần bám insight thật."
H322,Bạn có đang sống như thể mình có hai cuộc đời để thử?,Reflective,Reflective,PASS,30 bài đầu,D8-D14,Short FB / Reel 60s,Câu hỏi nội tâm,Hợp,Giữ nguyên hoặc làm mềm nhẹ,Bạn có đang sống như thể mình có hai cuộc đời để thử?,"Tự soi, sống thật, lựa chọn cuộc đời","Có thể dùng gần nguyên, vẫn cần bám insight thật."
H323,"Nếu chỉ giữ lại được 20% cuộc sống hiện tại, bạn giữ gì?",Confrontational,Gentle,PASS,30 bài đầu,D1-D7,Short FB / Reel 60s,Câu hỏi nội tâm,Hợp,Giữ nguyên hoặc làm mềm nhẹ,"Nếu chỉ giữ lại được 20% cuộc sống hiện tại, bạn giữ gì?","Bình yên, kiệt sức, ranh giới cảm xúc","Có thể dùng gần nguyên, vẫn cần bám insight thật."
H324,Bạn có dám để một số thứ sụp đổ để mình được xây lại?,Gentle,Confrontational,ADAPT,30 bài đầu,D8-D14,Short FB / Reel 60s,Câu hỏi nội tâm,Hơi gắt,Làm mềm: đổi ngôi bạn → mình + đổi structure chất vấn → mời quan sát,Có khi bạn có dám để một số thứ sụp đổ để mình được xây lại?,"Tự soi, sống thật, lựa chọn cuộc đời",Á tốt nhưng cần làm mềm để không phán xét/coachy. Áp đầy đủ Rule #2 (đổi ngôi + structure).
H325,Bạn có đang ôm quá nhiều thứ chỉ vì sợ bị đánh giá?,Inspirational,Inspirational,PASS,30 bài đầu,D8-D14,Short FB / Reel 60s,Câu hỏi nội tâm,Hợp,Giữ nguyên hoặc làm mềm nhẹ,Bạn có đang ôm quá nhiều thứ chỉ vì sợ bị đánh giá?,"Tự soi, sống thật, lựa chọn cuộc đời","Có thể dùng gần nguyên, vẫn cần bám insight thật."
H326,Bạn có dám buông để hai tay rảnh mà nhận điều mới?,Insightful,Confrontational,ADAPT,30 bài đầu,D1-D7,Short FB / Reel 60s,Câu hỏi nội tâm,Hơi gắt,Làm mềm: đổi ngôi bạn → mình + đổi structure chất vấn → mời quan sát,Có khi bạn có dám buông để hai tay rảnh mà nhận điều mới?,"Bình yên, kiệt sức, ranh giới cảm xúc",Á tốt nhưng cần làm mềm để không phán xét/coachy. Áp đầy đủ Rule #2 (đổi ngôi + structure).
H327,"Bạn có thật sự cần tất cả những thứ đang nắm, hay chỉ sợ trống tay?",Reflective,Reflective,PASS,30 bài đầu,D1-D7,Short FB / Reel 60s,Câu hỏi nội tâm,Hợp,Giữ nguyên hoặc làm mềm nhẹ,"Bạn có thật sự cần tất cả những thứ đang nắm, hay chỉ sợ trống tay?","Bình yên, kiệt sức, ranh giới cảm xúc","Có thể dùng gần nguyên, vẫn cần bám insight thật."
H328,Bạn có đang dành chỗ cho phiên bản mới của mình bước vào?,Confrontational,Confrontational,ADAPT,30 bài đầu,D8-D14,Short FB / Reel 60s,Câu hỏi nội tâm,Hơi gắt,Làm mềm: đổi ngôi bạn → mình + đổi structure chất vấn → mời quan sát,Có khi bạn có đang dành chỗ cho phiên bản mới của mình bước vào?,"Giá trị bản thân, bản sắc, thay đổi",Á tốt nhưng cần làm mềm để không phán xét/coachy. Áp đầy đủ Rule #2 (đổi ngôi + structure).
H329,"Nếu cuộc đời là một căn phòng, bạn cần dọn bớt gì?",Gentle,Gentle,PASS,30 bài đầu,D8-D14,Short FB / Reel 60s,Câu hỏi nội tâm,Hợp,Giữ nguyên hoặc làm mềm nhẹ,"Nếu cuộc đời là một căn phòng, bạn cần dọn bớt gì?","Tự soi, sống thật, lựa chọn cuộc đời","Có thể dùng gần nguyên, vẫn cần bám insight thật."
H330,Bạn có đang tích trữ cả những mối quan hệ đã hết 'hạn sử dụng'?,Inspirational,Inspirational,PASS,30 bài đầu,D8-D14,Short FB / Reel 60s,Câu hỏi nội tâm,Hợp,Giữ nguyên hoặc làm mềm nhẹ,Bạn có đang tích trữ cả những mối quan hệ đã hết 'hạn sử dụng'?,"Ranh giới, quan hệ, năng lượng xung quanh","Có thể dùng gần nguyên, vẫn cần bám insight thật."
H331,"Bạn không bị muộn, bạn đang ở đúng bài học của mình.",Insightful,Insightful,PASS,30 bài đầu,D8-D14,Short FB / Reel 60s,Reflective insight,Hợp,Giữ nguyên hoặc làm mềm nhẹ,"Bạn không bị muộn, bạn đang ở đúng bài học của mình.","Tự soi, sống thật, lựa chọn cuộc đời","Có thể dùng gần nguyên, vẫn cần bám insight thật."
H332,Bạn có đang so tuổi với timeline của người khác?,Reflective,Reflective,PASS,30 bài đầu,D8-D14,Short FB / Reel 60s,Câu hỏi nội tâm,Hợp,Giữ nguyên hoặc làm mềm nhẹ,Bạn có đang so tuổi với timeline của người khác?,"Tự soi, sống thật, lựa chọn cuộc đời","Có thể dùng gần nguyên, vẫn cần bám insight thật."
H333,"Nếu quên tuổi đi, bạn sẽ bắt đầu điều gì hôm nay?",Confrontational,Gentle,PASS,30 bài đầu,D8-D14,Short FB / Reel 60s,Câu hỏi nội tâm,Hợp,Giữ nguyên hoặc làm mềm nhẹ,"Nếu quên tuổi đi, bạn sẽ bắt đầu điều gì hôm nay?","Tự soi, sống thật, lựa chọn cuộc đời","Có thể dùng gần nguyên, vẫn cần bám insight thật."
H334,Bạn có đang dùng 'muộn rồi' làm cớ để không cần thử?,Gentle,Gentle,PASS,30 bài đầu,D8-D14,Long FB / Reel 90-120s,Câu hỏi nội tâm,Hợp,Giữ nguyên hoặc làm mềm nhẹ,Bạn có đang dùng 'muộn rồi' làm cớ để không cần thử?,"Tự soi, sống thật, lựa chọn cuộc đời","Có thể dùng gần nguyên, vẫn cần bám insight thật."
H335,Bạn có dám tin mình đang đến đúng lúc cho hành trình của mình?,Inspirational,Confrontational,ADAPT,30 bài đầu,D8-D14,Short FB / Reel 60s,Câu hỏi nội tâm,Hơi gắt,Làm mềm: đổi ngôi bạn → mình + đổi structure chất vấn → mời quan sát,Có khi bạn có dám tin mình đang đến đúng lúc cho hành trình của mình?,"Tự soi, sống thật, lựa chọn cuộc đời",Á tốt nhưng cần làm mềm để không phán xét/coachy. Áp đầy đủ Rule #2 (đổi ngôi + structure).
H336,"Bạn có đang phán xét đường đi, trong khi chưa thấy hết con đường?",Insightful,Insightful,PASS,30 bài đầu,D8-D14,Short FB / Reel 60s,Câu hỏi nội tâm,Hợp,Giữ nguyên hoặc làm mềm nhẹ,"Bạn có đang phán xét đường đi, trong khi chưa thấy hết con đường?","Tự soi, sống thật, lựa chọn cuộc đời","Có thể dùng gần nguyên, vẫn cần bám insight thật."
H337,Bạn có đang so chương 3 của mình với chương 20 của người khác?,Reflective,Reflective,PASS,30 bài đầu,D8-D14,Short FB / Reel 60s,Câu hỏi nội tâm,Hợp,Giữ nguyên hoặc làm mềm nhẹ,Bạn có đang so chương 3 của mình với chương 20 của người khác?,"Tự soi, sống thật, lựa chọn cuộc đời","Có thể dùng gần nguyên, vẫn cần bám insight thật."
H338,"Bạn có dám sống sâu một ngày, thay vì lo cho 10 năm nữa?",Confrontational,Confrontational,ADAPT,30 bài đầu,D8-D14,Short FB / Reel 60s,Câu hỏi nội tâm,Hơi gắt,Làm mềm: đổi ngôi bạn → mình + đổi structure chất vấn → mời quan sát,"Có khi bạn có dám sống sâu một ngày, thay vì lo cho 10 năm nữa?","Tự soi, sống thật, lựa chọn cuộc đời",Á tốt nhưng cần làm mềm để không phán xét/coachy. Áp đầy đủ Rule #2 (đổi ngôi + structure).
H339,Bạn đang sống trong hiện tại hay trong những 'giá như' chưa xảy ra?,Gentle,Gentle,PASS,30 bài đầu,D1-D7,Short FB / Reel 60s,Câu hỏi nội tâm,Hợp,Giữ nguyên hoặc làm mềm nhẹ,Bạn đang sống trong hiện tại hay trong những 'giá như' chưa xảy ra?,"Bình yên, kiệt sức, ranh giới cảm xúc","Có thể dùng gần nguyên, vẫn cần bám insight thật."
H340,Bạn có đang bỏ lỡ khoảnh khắc này vì mải chạy tới khoảnh khắc khác?,Inspirational,Inspirational,PASS,30 bài đầu,D8-D14,Short FB / Reel 60s,Câu hỏi nội tâm,Hợp,Giữ nguyên hoặc làm mềm nhẹ,Bạn có đang bỏ lỡ khoảnh khắc này vì mải chạy tới khoảnh khắc khác?,"Tự soi, sống thật, lựa chọn cuộc đời","Có thể dùng gần nguyên, vẫn cần bám insight thật."
H341,"Bạn không cần một bức tranh hoàn hảo, bạn cần một bước chân thật.",Insightful,Insightful,PASS,30 bài đầu,D1-D7,Long FB / Reel 90-120s,Reflective insight,Hợp,Giữ nguyên hoặc làm mềm nhẹ,"Bạn không cần một bức tranh hoàn hảo, bạn cần một bước chân thật.","Bình yên, kiệt sức, ranh giới cảm xúc","Có thể dùng gần nguyên, vẫn cần bám insight thật."
H342,Bạn có đang đợi mọi thứ rõ ràng mới dám nhúc nhích?,Reflective,Reflective,PASS,30 bài đầu,D8-D14,Short FB / Reel 60s,Câu hỏi nội tâm,Hợp,Giữ nguyên hoặc làm mềm nhẹ,Bạn có đang đợi mọi thứ rõ ràng mới dám nhúc nhích?,"Tự soi, sống thật, lựa chọn cuộc đời","Có thể dùng gần nguyên, vẫn cần bám insight thật."
H343,"Bạn có chấp nhận rằng rõ ràng là phần thưởng, không phải điều kiện?",Confrontational,Confrontational,ADAPT,30 bài đầu,D8-D14,Short FB / Reel 60s,Câu hỏi nội tâm,Hơi gắt,Làm mềm: đổi ngôi bạn → mình + đổi structure chất vấn → mời quan sát,"Có khi bạn có chấp nhận rằng rõ ràng là phần thưởng, không phải điều kiện?","Tự soi, sống thật, lựa chọn cuộc đời",Á tốt nhưng cần làm mềm để không phán xét/coachy. Áp đầy đủ Rule #2 (đổi ngôi + structure).
H344,Bạn có dám bước trong sương mù với niềm tin vào mình?,Gentle,Confrontational,ADAPT,30 bài đầu,D8-D14,Short FB / Reel 60s,Câu hỏi nội tâm,Hơi gắt,Làm mềm: đổi ngôi bạn → mình + đổi structure chất vấn → mời quan sát,Có khi bạn có dám bước trong sương mù với niềm tin vào mình?,"Tự soi, sống thật, lựa chọn cuộc đời",Á tốt nhưng cần làm mềm để không phán xét/coachy. Áp đầy đủ Rule #2 (đổi ngôi + structure).
H345,Bạn đang tìm bảo hành hay tìm cuộc đời đáng sống?,Inspirational,Inspirational,PASS,30 bài đầu,D8-D14,Short FB / Reel 60s,Câu hỏi nội tâm,Hợp,Giữ nguyên hoặc làm mềm nhẹ,Bạn đang tìm bảo hành hay tìm cuộc đời đáng sống?,"Tự soi, sống thật, lựa chọn cuộc đời","Có thể dùng gần nguyên, vẫn cần bám insight thật."
H346,Bạn có đang yêu cầu chắc chắn từ một cuộc chơi tên là 'trải nghiệm'?,Insightful,Insightful,PASS,30 bài đầu,D8-D14,Short FB / Reel 60s,Câu hỏi nội tâm,Hợp,Giữ nguyên hoặc làm mềm nhẹ,Bạn có đang yêu cầu chắc chắn từ một cuộc chơi tên là 'trải nghiệm'?,"Tự soi, sống thật, lựa chọn cuộc đời","Có thể dùng gần nguyên, vẫn cần bám insight thật."
H347,Bạn có dám chấp nhận rủi ro của việc sống thật sự?,Reflective,Confrontational,ADAPT,30 bài đầu,D8-D14,Short FB / Reel 60s,Câu hỏi nội tâm,Hơi gắt,Làm mềm: đổi ngôi bạn → mình + đổi structure chất vấn → mời quan sát,Có khi bạn có dám chấp nhận rủi ro của việc sống thật sự?,"Tự soi, sống thật, lựa chọn cuộc đời",Á tốt nhưng cần làm mềm để không phán xét/coachy. Áp đầy đủ Rule #2 (đổi ngôi + structure).
H348,Bạn có đang cược cả đời mình vào cảm giác an toàn giả?,Confrontational,Confrontational,ADAPT,30 bài đầu,D8-D14,Short FB / Reel 60s,Câu hỏi nội tâm,Hơi gắt,Làm mềm: đổi ngôi bạn → mình + đổi structure chất vấn → mời quan sát,Có khi bạn có đang cược cả đời mình vào cảm giác an toàn giả?,"Tự soi, sống thật, lựa chọn cuộc đời",Á tốt nhưng cần làm mềm để không phán xét/coachy. Áp đầy đủ Rule #2 (đổi ngôi + structure).
H349,"Bạn sẽ nhớ điều gì hơn: lần bạn thất bại, hay lần bạn dám thử?",Gentle,Gentle,PASS,30 bài đầu,D8-D14,Short FB / Reel 60s,Câu hỏi nội tâm,Hợp,Giữ nguyên hoặc làm mềm nhẹ,"Bạn sẽ nhớ điều gì hơn: lần bạn thất bại, hay lần bạn dám thử?","Tự soi, sống thật, lựa chọn cuộc đời","Có thể dùng gần nguyên, vẫn cần bám insight thật."
H350,Bạn có muốn dành phần còn lại cuộc đời để tự kể chuyện 'giá như'?,Inspirational,Inspirational,PASS,30 bài đầu,D1-D7,Short FB / Reel 60s,Câu hỏi nội tâm,Hợp,Giữ nguyên hoặc làm mềm nhẹ,Bạn có muốn dành phần còn lại cuộc đời để tự kể chuyện 'giá như'?,"Bình yên, kiệt sức, ranh giới cảm xúc","Có thể dùng gần nguyên, vẫn cần bám insight thật."
H351,Bạn không ngẫu nhiên đọc được những dòng này.,Insightful,Insightful,PASS,30 bài đầu,D8-D14,Short FB / Reel 60s,Reflective insight,Hợp,Giữ nguyên hoặc làm mềm nhẹ,Bạn không ngẫu nhiên đọc được những dòng này.,"Tự soi, sống thật, lựa chọn cuộc đời","Có thể dùng gần nguyên, vẫn cần bám insight thật."
H352,Có điều gì trong bạn đang gật đầu mà bạn giả vờ không thấy?,Reflective,Reflective,PASS,30 bài đầu,D8-D14,Short FB / Reel 60s,Câu hỏi nội tâm,Hợp,Giữ nguyên hoặc làm mềm nhẹ,Có điều gì trong bạn đang gật đầu mà bạn giả vờ không thấy?,"Tự soi, sống thật, lựa chọn cuộc đời","Có thể dùng gần nguyên, vẫn cần bám insight thật."
H353,Bạn có đang cảm nhận cơ thể mình phản ứng với những câu hỏi này không?,Confrontational,Confrontational,ADAPT,30 bài đầu,D1-D7,Short FB / Reel 60s,Câu hỏi nội tâm,Hơi gắt,Làm mềm: đổi ngôi bạn → mình + đổi structure chất vấn → mời quan sát,Có khi bạn có đang cảm nhận cơ thể mình phản ứng với những câu hỏi này không?,"Bình yên, kiệt sức, ranh giới cảm xúc",Á tốt nhưng cần làm mềm để không phán xét/coachy. Áp đầy đủ Rule #2 (đổi ngôi + structure).
H354,"Bạn có dám không lướt tiếp, mà dừng lại để viết ra cảm nhận?",Gentle,Confrontational,ADAPT,30 bài đầu,D8-D14,Short FB / Reel 60s,Câu hỏi nội tâm,Hơi gắt,Làm mềm: đổi ngôi bạn → mình + đổi structure chất vấn → mời quan sát,"Có khi bạn có dám không lướt tiếp, mà dừng lại để viết ra cảm nhận?","Tự soi, sống thật, lựa chọn cuộc đời",Á tốt nhưng cần làm mềm để không phán xét/coachy. Áp đầy đủ Rule #2 (đổi ngôi + structure).
H355,"Bạn có dám đối diện với một sự thật nhỏ hôm nay, thay vì một cú sập lớn mai sau?",Inspirational,Confrontational,ADAPT,30 bài đầu,D8-D14,Short FB / Reel 60s,Câu hỏi nội tâm,Hơi gắt,Làm mềm: đổi ngôi bạn → mình + đổi structure chất vấn → mời quan sát,"Có khi bạn có dám đối diện với một sự thật nhỏ hôm nay, thay vì một cú sập lớn mai sau?","Tự soi, sống thật, lựa chọn cuộc đời",Á tốt nhưng cần làm mềm để không phán xét/coachy. Áp đầy đủ Rule #2 (đổi ngôi + structure).
H356,Bạn đang sợ điều gì nhất nếu mình thật sự thay đổi?,Insightful,Insightful,PASS,30 bài đầu,D8-D14,Short FB / Reel 60s,Câu hỏi nội tâm,Hợp,Giữ nguyên hoặc làm mềm nhẹ,Bạn đang sợ điều gì nhất nếu mình thật sự thay đổi?,"Tự soi, sống thật, lựa chọn cuộc đời","Có thể dùng gần nguyên, vẫn cần bám insight thật."
H357,"Bạn sẽ mất gì nếu tiếp tục như cũ, và sẽ mất gì nếu dám đổi?",Reflective,Reflective,PASS,30 bài đầu,D8-D14,Short FB / Reel 60s,Câu hỏi nội tâm,Hợp,Giữ nguyên hoặc làm mềm nhẹ,"Bạn sẽ mất gì nếu tiếp tục như cũ, và sẽ mất gì nếu dám đổi?","Tự soi, sống thật, lựa chọn cuộc đời","Có thể dùng gần nguyên, vẫn cần bám insight thật."
H358,"Nếu đây là dấu hiệu bạn đợi bấy lâu, bạn sẽ làm gì sau khi đọc xong?",Confrontational,Gentle,PASS,30 bài đầu,D8-D14,Short FB / Reel 60s,Câu hỏi nội tâm,Hợp,Giữ nguyên hoặc làm mềm nhẹ,"Nếu đây là dấu hiệu bạn đợi bấy lâu, bạn sẽ làm gì sau khi đọc xong?","Tự soi, sống thật, lựa chọn cuộc đời","Có thể dùng gần nguyên, vẫn cần bám insight thật."
H359,Bạn có dám coi bài viết này là đường ranh giữa cũ và mới?,Gentle,Confrontational,ADAPT,30 bài đầu,D8-D14,Short FB / Reel 60s,Câu hỏi nội tâm,Hơi gắt,Làm mềm: đổi ngôi bạn → mình + đổi structure chất vấn → mời quan sát,Có khi bạn có dám coi bài viết này là đường ranh giữa cũ và mới?,"Tự soi, sống thật, lựa chọn cuộc đời",Á tốt nhưng cần làm mềm để không phán xét/coachy. Áp đầy đủ Rule #2 (đổi ngôi + structure).
H360,Bạn muốn phiên bản nào của mình nhấn nút 'tắt màn hình' hôm nay?,Inspirational,Inspirational,PASS,30 bài đầu,D8-D14,Short FB / Reel 60s,Câu hỏi nội tâm,Hợp,Giữ nguyên hoặc làm mềm nhẹ,Bạn muốn phiên bản nào của mình nhấn nút 'tắt màn hình' hôm nay?,"Giá trị bản thân, bản sắc, thay đổi","Có thể dùng gần nguyên, vẫn cần bám insight thật."
H361,"Bạn không cần trả lời mình, bạn cần trả lời chính bạn.",Insightful,Insightful,PASS,30 bài đầu,D8-D14,Long FB / Reel 90-120s,Reflective insight,Hợp,Giữ nguyên hoặc làm mềm nhẹ,"Bạn không cần trả lời mình, bạn cần trả lời chính bạn.","Tự soi, sống thật, lựa chọn cuộc đời","Có thể dùng gần nguyên, vẫn cần bám insight thật."
H362,Bạn sẽ nói gì với bản thân trong gương tối nay?,Reflective,Reflective,PASS,30 bài đầu,D8-D14,Short FB / Reel 60s,Câu hỏi nội tâm,Hợp,Giữ nguyên hoặc làm mềm nhẹ,Bạn sẽ nói gì với bản thân trong gương tối nay?,"Tự soi, sống thật, lựa chọn cuộc đời","Có thể dùng gần nguyên, vẫn cần bám insight thật."
H363,"Nếu viết một lá thư cho bạn 10 năm nữa, bạn sẽ hứa gì?",Confrontational,Gentle,PASS,30 bài đầu,D8-D14,Short FB / Reel 60s,Câu hỏi nội tâm,Hợp,Giữ nguyên hoặc làm mềm nhẹ,"Nếu viết một lá thư cho bạn 10 năm nữa, bạn sẽ hứa gì?","Tự soi, sống thật, lựa chọn cuộc đời","Có thể dùng gần nguyên, vẫn cần bám insight thật."
H364,Bạn có dám viết lại câu chuyện của mình bắt đầu từ ngày hôm nay?,Gentle,Confrontational,ADAPT,30 bài đầu,D8-D14,Short FB / Reel 60s,Câu hỏi nội tâm,Hơi gắt,Làm mềm: đổi ngôi bạn → mình + đổi structure chất vấn → mời quan sát,Có khi bạn có dám viết lại câu chuyện của mình bắt đầu từ ngày hôm nay?,"Tự soi, sống thật, lựa chọn cuộc đời",Á tốt nhưng cần làm mềm để không phán xét/coachy. Áp đầy đủ Rule #2 (đổi ngôi + structure).
H365,"Và nếu dám, bước đầu tiên của bạn sẽ là gì?",Inspirational,Inspirational,PASS,30 bài đầu,D8-D14,Short FB / Reel 60s,Câu hỏi nội tâm,Hợp,Giữ nguyên hoặc làm mềm nhẹ,"Và nếu dám, bước đầu tiên của bạn sẽ là gì?","Tự soi, sống thật, lựa chọn cuộc đời","Có thể dùng gần nguyên, vẫn cần bám insight thật."
